id,adoptants_0,adoptants_1,adoptants_2,adoptants_3,adoptants_4,adoptants_5,adoptants_6,adoptants_7,adoptants_8,adoptants_9,adoptants_10,adoptants_11,adoptants_12,adoptants_13,adoptants_14,adoptants_15,adoptants_16,adoptants_17,adoptants_18,adoptants_19,adoptants_20,adoptants_21,adoptants_22,adoptants_23,adoptants_24,adoptants_25,adoptants_26,adoptants_27,adoptants_28,adoptants_29,adoptants_30,adoptants_31,adoptants_32,adoptants_33,adoptants_34,adoptants_35,adoptants_36,adoptants_37,adoptants_38,adoptants_39,adoptants_40,adoptants_41,adoptants_42,adoptants_43,adoptants_44,adoptants_45,adoptants_46,adoptants_47,adoptants_48,adoptants_49,adoptants_50,adoptants_51,adoptants_52,adoptants_53,adoptants_54,adoptants_55,adoptants_56,adoptants_57,adoptants_58,adoptants_59
0.07192835303027534,0.0,0.15,0.16666666666666666,0.18333333333333332,0.21666666666666667,0.21666666666666667,0.2833333333333333,0.2833333333333333,0.31666666666666665,0.31666666666666665,0.3333333333333333,0.38333333333333336,0.4,0.43333333333333335,0.45,0.4666666666666667,0.4666666666666667,0.4666666666666667,0.4666666666666667,0.4666666666666667,0.5333333333333333,0.5833333333333334,0.5833333333333334,0.5833333333333334,0.5833333333333334,0.5833333333333334,0.6,0.6,0.6,0.6,0.6,0.6,0.6,0.6,0.6,0.6,0.6,0.6,0.6,0.6,0.6,0.6,0.6,0.6,0.6,0.6,0.6,0.6,0.6,0.6,0.6,0.6,0.6,0.6,0.6,0.6,0.6,0.6,0.6,0.6
0.7732414793923115,0.0,0.13333333333333333,0.13333333333333333,0.13333333333333333,0.15,0.18333333333333332,0.21666666666666667,0.36666666666666664,0.4,0.4166666666666667,0.4166666666666667,0.43333333333333335,0.45,0.4666666666666667,0.4666666666666667,0.4666666666666667,0.4666666666666667,0.48333333333333334,0.48333333333333334,0.55,0.6,0.6333333333333333,0.6666666666666666,0.6833333333333333,0.6833333333333333,0.7,0.7166666666666667,0.75,0.7666666666666667,0.7666666666666667,0.8,0.8166666666666667,0.8166666666666667,0.8166666666666667,0.8166666666666667,0.8166666666666667,0.8166666666666667,0.8166666666666667,0.8166666666666667,0.8166666666666667,0.8166666666666667,0.8166666666666667,0.8166666666666667,0.8166666666666667,0.8166666666666667,0.8166666666666667,0.8166666666666667,0.8166666666666667,0.8166666666666667,0.8166666666666667,0.8166666666666667,0.8333333333333334,0.8333333333333334,0.8333333333333334,0.8333333333333334,0.8333333333333334,0.8333333333333334,0.8333333333333334,0.8333333333333334,0.85
0.10164356982482825,0.0,0.13333333333333333,0.16666666666666666,0.23333333333333334,0.23333333333333334,0.2833333333333333,0.35,0.35,0.36666666666666664,0.36666666666666664,0.36666666666666664,0.36666666666666664,0.36666666666666664,0.36666666666666664,0.36666666666666664,0.38333333333333336,0.4,0.4166666666666667,0.4166666666666667,0.4166666666666667,0.4166666666666667,0.43333333333333335,0.43333333333333335,0.43333333333333335,0.45,0.45,0.45,0.45,0.4666666666666667,0.4666666666666667,0.4666666666666667,0.48333333333333334,0.5,0.6,0.6,0.6166666666666667,0.6333333333333333,0.6333333333333333,0.6333333333333333,0.6333333333333333,0.6333333333333333,0.6333333333333333,0.6333333333333333,0.6333333333333333,0.6333333333333333,0.6333333333333333,0.6333333333333333,0.6333333333333333,0.6333333333333333,0.6333333333333333,0.6333333333333333,0.6333333333333333,0.6333333333333333,0.6333333333333333,0.6333333333333333,0.6333333333333333,0.6333333333333333,0.6333333333333333,0.6333333333333333,0.6333333333333333
0.7913190350825451,0.0,0.08333333333333333,0.08333333333333333,0.1,0.1,0.1,0.1,0.1,0.1,0.1,0.1,0.11666666666666667,0.11666666666666667,0.13333333333333333,0.13333333333333333,0.13333333333333333,0.13333333333333333,0.13333333333333333,0.13333333333333333,0.13333333333333333,0.13333333333333333,0.13333333333333333,0.13333333333333333,0.13333333333333333,0.13333333333333333,0.13333333333333333,0.13333333333333333,0.13333333333333333,0.13333333333333333,0.13333333333333333,0.13333333333333333,0.13333333333333333,0.13333333333333333,0.13333333333333333,0.13333333333333333,0.13333333333333333,0.13333333333333333,0.13333333333333333,0.13333333333333333,0.13333333333333333,0.13333333333333333,0.13333333333333333,0.13333333333333333,0.13333333333333333,0.13333333333333333,0.13333333333333333,0.13333333333333333,0.13333333333333333,0.13333333333333333,0.13333333333333333,0.13333333333333333,0.13333333333333333,0.13333333333333333,0.13333333333333333,0.13333333333333333,0.13333333333333333,0.13333333333333333,0.13333333333333333,0.13333333333333333,0.13333333333333333
0.6952654915897767,0.0,0.0,0.0,0.0,0.016666666666666666,0.016666666666666666,0.03333333333333333,0.03333333333333333,0.03333333333333333,0.03333333333333333,0.03333333333333333,0.03333333333333333,0.05,0.05,0.05,0.05,0.05,0.05,0.05,0.05,0.05,0.05,0.06666666666666667,0.06666666666666667,0.06666666666666667,0.06666666666666667,0.06666666666666667,0.06666666666666667,0.06666666666666667,0.08333333333333333,0.1,0.1,0.1,0.1,0.1,0.1,0.1,0.1,0.1,0.1,0.1,0.1,0.1,0.1,0.1,0.1,0.1,0.1,0.1,0.1,0.1,0.1,0.1,0.1,0.1,0.1,0.1,0.1,0.1,0.1
0.056552644482816494,0.0,0.1,0.15,0.21666666666666667,0.26666666666666666,0.3,0.3333333333333333,0.3333333333333333,0.35,0.38333333333333336,0.4166666666666667,0.43333333333333335,0.43333333333333335,0.43333333333333335,0.45,0.45,0.48333333333333334,0.5,0.5,0.5166666666666667,0.5166666666666667,0.5666666666666667,0.5666666666666667,0.5666666666666667,0.5666666666666667,0.5666666666666667,0.5666666666666667,0.5666666666666667,0.5666666666666667,0.5666666666666667,0.5666666666666667,0.5666666666666667,0.5666666666666667,0.5666666666666667,0.5666666666666667,0.5666666666666667,0.5666666666666667,0.6,0.65,0.6666666666666666,0.6666666666666666,0.6666666666666666,0.6833333333333333,0.6833333333333333,0.6833333333333333,0.7,0.7,0.7166666666666667,0.7166666666666667,0.7166666666666667,0.7166666666666667,0.7166666666666667,0.7166666666666667,0.7166666666666667,0.7166666666666667,0.7166666666666667,0.7166666666666667,0.7166666666666667,0.7166666666666667,0.7333333333333333
0.35846385436387707,0.0,0.05,0.08333333333333333,0.1,0.18333333333333332,0.2,0.21666666666666667,0.21666666666666667,0.21666666666666667,0.21666666666666667,0.23333333333333334,0.23333333333333334,0.23333333333333334,0.26666666666666666,0.31666666666666665,0.31666666666666665,0.3333333333333333,0.3333333333333333,0.36666666666666664,0.36666666666666664,0.36666666666666664,0.36666666666666664,0.36666666666666664,0.36666666666666664,0.4,0.43333333333333335,0.43333333333333335,0.43333333333333335,0.43333333333333335,0.43333333333333335,0.45,0.45,0.45,0.45,0.45,0.45,0.4666666666666667,0.4666666666666667,0.4666666666666667,0.4666666666666667,0.4666666666666667,0.4666666666666667,0.4666666666666667,0.4666666666666667,0.4666666666666667,0.4666666666666667,0.4666666666666667,0.5,0.5166666666666667,0.5166666666666667,0.5166666666666667,0.5166666666666667,0.5333333333333333,0.5333333333333333,0.55,0.55,0.55,0.55,0.55,0.55
0.5153305250673584,0.0,0.16666666666666666,0.18333333333333332,0.18333333333333332,0.21666666666666667,0.38333333333333336,0.4,0.45,0.48333333333333334,0.48333333333333334,0.5166666666666667,0.5166666666666667,0.5166666666666667,0.5166666666666667,0.5833333333333334,0.6333333333333333,0.65,0.7,0.7166666666666667,0.7166666666666667,0.7166666666666667,0.7333333333333333,0.7333333333333333,0.7333333333333333,0.7333333333333333,0.7333333333333333,0.7333333333333333,0.7333333333333333,0.7333333333333333,0.75,0.75,0.75,0.75,0.75,0.75,0.75,0.75,0.75,0.75,0.75,0.75,0.75,0.75,0.75,0.75,0.75,0.75,0.75,0.75,0.75,0.75,0.75,0.75,0.75,0.75,0.75,0.75,0.75,0.75,0.75
0.22646778641924925,0.0,0.08333333333333333,0.11666666666666667,0.13333333333333333,0.2,0.31666666666666665,0.3333333333333333,0.4166666666666667,0.48333333333333334,0.6,0.6666666666666666,0.6833333333333333,0.6833333333333333,0.6833333333333333,0.6833333333333333,0.6833333333333333,0.6833333333333333,0.6833333333333333,0.7166666666666667,0.7166666666666667,0.75,0.75,0.75,0.75,0.75,0.75,0.75,0.75,0.75,0.75,0.75,0.75,0.75,0.75,0.75,0.75,0.75,0.75,0.75,0.75,0.75,0.75,0.75,0.75,0.75,0.75,0.75,0.75,0.75,0.75,0.75,0.75,0.75,0.75,0.7666666666666667,0.7666666666666667,0.7666666666666667,0.7666666666666667,0.7666666666666667,0.7666666666666667
0.18820655843815792,0.0,0.08333333333333333,0.08333333333333333,0.1,0.11666666666666667,0.11666666666666667,0.16666666666666666,0.2,0.23333333333333334,0.25,0.25,0.25,0.26666666666666666,0.26666666666666666,0.26666666666666666,0.26666666666666666,0.26666666666666666,0.26666666666666666,0.26666666666666666,0.26666666666666666,0.26666666666666666,0.26666666666666666,0.2833333333333333,0.2833333333333333,0.3,0.3,0.3,0.3,0.3,0.3,0.31666666666666665,0.31666666666666665,0.31666666666666665,0.31666666666666665,0.35,0.36666666666666664,0.36666666666666664,0.38333333333333336,0.38333333333333336,0.38333333333333336,0.4,0.4,0.4,0.4,0.4,0.4,0.43333333333333335,0.43333333333333335,0.4666666666666667,0.4666666666666667,0.4666666666666667,0.4666666666666667,0.4666666666666667,0.4666666666666667,0.4666666666666667,0.48333333333333334,0.48333333333333334,0.48333333333333334,0.48333333333333334,0.48333333333333334
0.8534475339361671,0.0,0.08333333333333333,0.13333333333333333,0.15,0.16666666666666666,0.16666666666666666,0.18333333333333332,0.3,0.3333333333333333,0.36666666666666664,0.38333333333333336,0.38333333333333336,0.4,0.4,0.4,0.4166666666666667,0.4166666666666667,0.4166666666666667,0.4166666666666667,0.4166666666666667,0.4166666666666667,0.4166666666666667,0.4166666666666667,0.4166666666666667,0.4166666666666667,0.4166666666666667,0.4166666666666667,0.4166666666666667,0.4166666666666667,0.4166666666666667,0.4166666666666667,0.4166666666666667,0.4166666666666667,0.4166666666666667,0.4166666666666667,0.4166666666666667,0.4166666666666667,0.4166666666666667,0.4166666666666667,0.4166666666666667,0.4166666666666667,0.4166666666666667,0.4166666666666667,0.4166666666666667,0.4166666666666667,0.4166666666666667,0.4166666666666667,0.4166666666666667,0.4166666666666667,0.4166666666666667,0.4166666666666667,0.4166666666666667,0.4166666666666667,0.4166666666666667,0.4166666666666667,0.4166666666666667,0.4166666666666667,0.4166666666666667,0.4166666666666667,0.4166666666666667
0.3882236985451063,0.0,0.06666666666666667,0.06666666666666667,0.06666666666666667,0.06666666666666667,0.1,0.11666666666666667,0.15,0.15,0.15,0.15,0.15,0.18333333333333332,0.21666666666666667,0.23333333333333334,0.23333333333333334,0.23333333333333334,0.25,0.25,0.25,0.25,0.25,0.25,0.25,0.25,0.25,0.25,0.25,0.25,0.25,0.25,0.25,0.25,0.25,0.25,0.25,0.25,0.25,0.25,0.25,0.25,0.26666666666666666,0.26666666666666666,0.26666666666666666,0.26666666666666666,0.2833333333333333,0.2833333333333333,0.2833333333333333,0.2833333333333333,0.3,0.3,0.3,0.3,0.3,0.3,0.3,0.3,0.3,0.3,0.3
0.3502570500877298,0.0,0.1,0.18333333333333332,0.31666666666666665,0.3333333333333333,0.4,0.45,0.5,0.5166666666666667,0.5333333333333333,0.5833333333333334,0.6666666666666666,0.6666666666666666,0.6666666666666666,0.6666666666666666,0.6666666666666666,0.6666666666666666,0.6833333333333333,0.7,0.7166666666666667,0.7166666666666667,0.7166666666666667,0.7166666666666667,0.7166666666666667,0.7166666666666667,0.7166666666666667,0.7166666666666667,0.7166666666666667,0.7166666666666667,0.7166666666666667,0.7333333333333333,0.7333333333333333,0.7333333333333333,0.7333333333333333,0.7333333333333333,0.7333333333333333,0.7666666666666667,0.7833333333333333,0.7833333333333333,0.7833333333333333,0.7833333333333333,0.7833333333333333,0.7833333333333333,0.7833333333333333,0.7833333333333333,0.7833333333333333,0.7833333333333333,0.7833333333333333,0.7833333333333333,0.7833333333333333,0.7833333333333333,0.8333333333333334,0.8333333333333334,0.8333333333333334,0.8333333333333334,0.8333333333333334,0.8333333333333334,0.85,0.85,0.85
0.07721531797423853,0.0,0.15,0.15,0.15,0.16666666666666666,0.16666666666666666,0.18333333333333332,0.26666666666666666,0.2833333333333333,0.3,0.31666666666666665,0.31666666666666665,0.31666666666666665,0.31666666666666665,0.31666666666666665,0.31666666666666665,0.3333333333333333,0.3333333333333333,0.3333333333333333,0.3333333333333333,0.3333333333333333,0.3333333333333333,0.3333333333333333,0.3333333333333333,0.3333333333333333,0.3333333333333333,0.3333333333333333,0.3333333333333333,0.3333333333333333,0.3333333333333333,0.3333333333333333,0.3333333333333333,0.3333333333333333,0.3333333333333333,0.3333333333333333,0.3333333333333333,0.3333333333333333,0.3333333333333333,0.3333333333333333,0.3333333333333333,0.3333333333333333,0.35,0.35,0.35,0.35,0.35,0.35,0.35,0.35,0.35,0.35,0.35,0.35,0.35,0.35,0.35,0.35,0.36666666666666664,0.36666666666666664,0.36666666666666664
0.981227277439756,0.0,0.06666666666666667,0.1,0.13333333333333333,0.13333333333333333,0.15,0.15,0.15,0.15,0.15,0.18333333333333332,0.21666666666666667,0.21666666666666667,0.25,0.25,0.25,0.25,0.25,0.25,0.2833333333333333,0.3,0.3,0.3,0.3,0.3,0.3,0.31666666666666665,0.31666666666666665,0.31666666666666665,0.31666666666666665,0.3333333333333333,0.3333333333333333,0.3333333333333333,0.3333333333333333,0.3333333333333333,0.3333333333333333,0.3333333333333333,0.3333333333333333,0.3333333333333333,0.3333333333333333,0.3333333333333333,0.3333333333333333,0.35,0.36666666666666664,0.36666666666666664,0.36666666666666664,0.38333333333333336,0.4166666666666667,0.4166666666666667,0.4166666666666667,0.4166666666666667,0.4166666666666667,0.4166666666666667,0.4166666666666667,0.4166666666666667,0.4166666666666667,0.4166666666666667,0.4166666666666667,0.4166666666666667,0.4166666666666667
0.9266258295585359,0.0,0.06666666666666667,0.18333333333333332,0.23333333333333334,0.31666666666666665,0.38333333333333336,0.43333333333333335,0.5166666666666667,0.55,0.5833333333333334,0.6,0.65,0.6833333333333333,0.7,0.7333333333333333,0.75,0.75,0.75,0.75,0.75,0.75,0.75,0.75,0.75,0.75,0.75,0.75,0.75,0.75,0.75,0.75,0.7666666666666667,0.7666666666666667,0.7666666666666667,0.7666666666666667,0.7666666666666667,0.7666666666666667,0.7666666666666667,0.7666666666666667,0.7666666666666667,0.7666666666666667,0.7666666666666667,0.7666666666666667,0.7666666666666667,0.7666666666666667,0.7666666666666667,0.7666666666666667,0.7666666666666667,0.7666666666666667,0.7666666666666667,0.7666666666666667,0.7666666666666667,0.7666666666666667,0.7666666666666667,0.7666666666666667,0.7666666666666667,0.7666666666666667,0.7666666666666667,0.7666666666666667,0.7666666666666667
0.6263689579333345,0.0,0.03333333333333333,0.05,0.13333333333333333,0.18333333333333332,0.21666666666666667,0.31666666666666665,0.36666666666666664,0.36666666666666664,0.38333333333333336,0.38333333333333336,0.38333333333333336,0.38333333333333336,0.4,0.4,0.4,0.4,0.4,0.4,0.4,0.4,0.4166666666666667,0.4666666666666667,0.5,0.5,0.5,0.5,0.5,0.5,0.5,0.5,0.5,0.5,0.5166666666666667,0.55,0.55,0.55,0.55,0.5666666666666667,0.5666666666666667,0.5666666666666667,0.5666666666666667,0.5666666666666667,0.5666666666666667,0.5666666666666667,0.5666666666666667,0.5666666666666667,0.5666666666666667,0.5666666666666667,0.5666666666666667,0.5666666666666667,0.5666666666666667,0.5666666666666667,0.5666666666666667,0.5666666666666667,0.5666666666666667,0.5666666666666667,0.5833333333333334,0.6,0.6166666666666667
0.6039883278639653,0.0,0.18333333333333332,0.21666666666666667,0.21666666666666667,0.26666666666666666,0.3,0.3333333333333333,0.35,0.38333333333333336,0.38333333333333336,0.4,0.4166666666666667,0.4166666666666667,0.4166666666666667,0.43333333333333335,0.43333333333333335,0.4666666666666667,0.48333333333333334,0.48333333333333334,0.48333333333333334,0.48333333333333334,0.5166666666666667,0.5166666666666667,0.5166666666666667,0.5166666666666667,0.5166666666666667,0.5166666666666667,0.5166666666666667,0.5166666666666667,0.5166666666666667,0.5166666666666667,0.5166666666666667,0.5166666666666667,0.5166666666666667,0.5166666666666667,0.5166666666666667,0.5166666666666667,0.5166666666666667,0.5166666666666667,0.5166666666666667,0.5166666666666667,0.5166666666666667,0.5166666666666667,0.5166666666666667,0.5166666666666667,0.5166666666666667,0.5166666666666667,0.5333333333333333,0.5333333333333333,0.5333333333333333,0.5333333333333333,0.5333333333333333,0.5333333333333333,0.5333333333333333,0.5333333333333333,0.5333333333333333,0.55,0.55,0.55,0.55
0.17585369815264984,0.0,0.13333333333333333,0.2,0.23333333333333334,0.25,0.2833333333333333,0.3333333333333333,0.3333333333333333,0.36666666666666664,0.4,0.43333333333333335,0.45,0.5,0.5,0.5,0.5,0.5,0.5166666666666667,0.5166666666666667,0.5333333333333333,0.5333333333333333,0.5333333333333333,0.5333333333333333,0.55,0.55,0.5666666666666667,0.5666666666666667,0.5833333333333334,0.6333333333333333,0.65,0.65,0.65,0.65,0.65,0.6666666666666666,0.6666666666666666,0.6666666666666666,0.6666666666666666,0.6666666666666666,0.6666666666666666,0.6666666666666666,0.6666666666666666,0.6666666666666666,0.6666666666666666,0.6666666666666666,0.6666666666666666,0.6666666666666666,0.6666666666666666,0.6666666666666666,0.6666666666666666,0.6666666666666666,0.6666666666666666,0.6666666666666666,0.6666666666666666,0.6666666666666666,0.6666666666666666,0.6666666666666666,0.6666666666666666,0.6666666666666666,0.6666666666666666
0.9574490525267749,0.0,0.06666666666666667,0.06666666666666667,0.08333333333333333,0.08333333333333333,0.1,0.11666666666666667,0.11666666666666667,0.15,0.2,0.21666666666666667,0.21666666666666667,0.21666666666666667,0.21666666666666667,0.21666666666666667,0.21666666666666667,0.21666666666666667,0.21666666666666667,0.21666666666666667,0.23333333333333334,0.23333333333333334,0.23333333333333334,0.25,0.26666666666666666,0.26666666666666666,0.26666666666666666,0.26666666666666666,0.26666666666666666,0.26666666666666666,0.26666666666666666,0.26666666666666666,0.26666666666666666,0.26666666666666666,0.26666666666666666,0.26666666666666666,0.26666666666666666,0.2833333333333333,0.2833333333333333,0.2833333333333333,0.2833333333333333,0.2833333333333333,0.3,0.3,0.3333333333333333,0.3333333333333333,0.35,0.35,0.35,0.35,0.35,0.35,0.35,0.35,0.35,0.35,0.35,0.35,0.35,0.35,0.35
0.07292696725510694,0.0,0.08333333333333333,0.1,0.1,0.1,0.1,0.1,0.1,0.1,0.11666666666666667,0.11666666666666667,0.11666666666666667,0.11666666666666667,0.11666666666666667,0.13333333333333333,0.13333333333333333,0.13333333333333333,0.13333333333333333,0.13333333333333333,0.13333333333333333,0.13333333333333333,0.13333333333333333,0.13333333333333333,0.13333333333333333,0.13333333333333333,0.13333333333333333,0.15,0.15,0.15,0.15,0.16666666666666666,0.16666666666666666,0.16666666666666666,0.16666666666666666,0.16666666666666666,0.16666666666666666,0.16666666666666666,0.16666666666666666,0.16666666666666666,0.16666666666666666,0.16666666666666666,0.16666666666666666,0.16666666666666666,0.16666666666666666,0.16666666666666666,0.16666666666666666,0.16666666666666666,0.16666666666666666,0.16666666666666666,0.16666666666666666,0.16666666666666666,0.16666666666666666,0.16666666666666666,0.16666666666666666,0.16666666666666666,0.16666666666666666,0.16666666666666666,0.16666666666666666,0.16666666666666666,0.16666666666666666
0.3743782816191481,0.0,0.11666666666666667,0.11666666666666667,0.13333333333333333,0.13333333333333333,0.15,0.15,0.15,0.16666666666666666,0.2,0.2,0.21666666666666667,0.26666666666666666,0.2833333333333333,0.2833333333333333,0.2833333333333333,0.2833333333333333,0.2833333333333333,0.2833333333333333,0.2833333333333333,0.2833333333333333,0.31666666666666665,0.31666666666666665,0.31666666666666665,0.36666666666666664,0.38333333333333336,0.43333333333333335,0.48333333333333334,0.48333333333333334,0.48333333333333334,0.48333333333333334,0.48333333333333334,0.48333333333333334,0.48333333333333334,0.48333333333333334,0.48333333333333334,0.48333333333333334,0.48333333333333334,0.5333333333333333,0.6333333333333333,0.6333333333333333,0.65,0.65,0.6666666666666666,0.6666666666666666,0.6666666666666666,0.6666666666666666,0.6666666666666666,0.6666666666666666,0.6833333333333333,0.6833333333333333,0.6833333333333333,0.6833333333333333,0.6833333333333333,0.6833333333333333,0.6833333333333333,0.6833333333333333,0.6833333333333333,0.6833333333333333,0.6833333333333333
0.7648335857559689,0.0,0.016666666666666666,0.016666666666666666,0.016666666666666666,0.05,0.06666666666666667,0.06666666666666667,0.08333333333333333,0.08333333333333333,0.08333333333333333,0.11666666666666667,0.11666666666666667,0.13333333333333333,0.13333333333333333,0.13333333333333333,0.13333333333333333,0.13333333333333333,0.13333333333333333,0.13333333333333333,0.15,0.16666666666666666,0.16666666666666666,0.16666666666666666,0.16666666666666666,0.16666666666666666,0.16666666666666666,0.16666666666666666,0.16666666666666666,0.16666666666666666,0.16666666666666666,0.16666666666666666,0.16666666666666666,0.16666666666666666,0.16666666666666666,0.16666666666666666,0.16666666666666666,0.18333333333333332,0.18333333333333332,0.18333333333333332,0.18333333333333332,0.18333333333333332,0.18333333333333332,0.18333333333333332,0.18333333333333332,0.18333333333333332,0.18333333333333332,0.18333333333333332,0.18333333333333332,0.18333333333333332,0.18333333333333332,0.18333333333333332,0.18333333333333332,0.18333333333333332,0.18333333333333332,0.18333333333333332,0.18333333333333332,0.18333333333333332,0.18333333333333332,0.18333333333333332,0.18333333333333332
0.6031083338272464,0.0,0.1,0.11666666666666667,0.21666666666666667,0.2833333333333333,0.31666666666666665,0.31666666666666665,0.31666666666666665,0.31666666666666665,0.31666666666666665,0.31666666666666665,0.31666666666666665,0.31666666666666665,0.31666666666666665,0.31666666666666665,0.3333333333333333,0.3333333333333333,0.3333333333333333,0.3333333333333333,0.3333333333333333,0.3333333333333333,0.3333333333333333,0.3333333333333333,0.3333333333333333,0.3333333333333333,0.3333333333333333,0.3333333333333333,0.3333333333333333,0.3333333333333333,0.3333333333333333,0.3333333333333333,0.3333333333333333,0.3333333333333333,0.3333333333333333,0.3333333333333333,0.3333333333333333,0.3333333333333333,0.3333333333333333,0.3333333333333333,0.3333333333333333,0.3333333333333333,0.3333333333333333,0.3333333333333333,0.3333333333333333,0.3333333333333333,0.3333333333333333,0.3333333333333333,0.3333333333333333,0.3333333333333333,0.3333333333333333,0.3333333333333333,0.3333333333333333,0.3333333333333333,0.3333333333333333,0.3333333333333333,0.3333333333333333,0.3333333333333333,0.3333333333333333,0.3333333333333333,0.3333333333333333
0.9842614580630271,0.0,0.11666666666666667,0.21666666666666667,0.26666666666666666,0.3,0.3,0.31666666666666665,0.3333333333333333,0.3333333333333333,0.4166666666666667,0.5166666666666667,0.5166666666666667,0.5166666666666667,0.5166666666666667,0.5166666666666667,0.5166666666666667,0.5333333333333333,0.5333333333333333,0.5333333333333333,0.5333333333333333,0.5333333333333333,0.5333333333333333,0.55,0.55,0.55,0.55,0.55,0.55,0.55,0.55,0.55,0.55,0.55,0.55,0.55,0.55,0.55,0.55,0.55,0.55,0.55,0.55,0.55,0.55,0.55,0.55,0.55,0.55,0.55,0.55,0.55,0.55,0.55,0.55,0.55,0.55,0.55,0.55,0.55,0.55
0.47278825520946843,0.0,0.16666666666666666,0.23333333333333334,0.26666666666666666,0.2833333333333333,0.2833333333333333,0.2833333333333333,0.2833333333333333,0.3,0.31666666666666665,0.3333333333333333,0.3333333333333333,0.3333333333333333,0.3333333333333333,0.3333333333333333,0.3333333333333333,0.3333333333333333,0.3333333333333333,0.3333333333333333,0.3333333333333333,0.35,0.35,0.35,0.35,0.35,0.35,0.35,0.35,0.35,0.35,0.35,0.35,0.35,0.35,0.35,0.35,0.35,0.35,0.35,0.35,0.35,0.36666666666666664,0.36666666666666664,0.36666666666666664,0.36666666666666664,0.36666666666666664,0.36666666666666664,0.36666666666666664,0.36666666666666664,0.36666666666666664,0.36666666666666664,0.36666666666666664,0.36666666666666664,0.36666666666666664,0.36666666666666664,0.36666666666666664,0.36666666666666664,0.36666666666666664,0.36666666666666664,0.36666666666666664
0.21505252715051237,0.0,0.2,0.25,0.3,0.3,0.3,0.3333333333333333,0.38333333333333336,0.4,0.4166666666666667,0.4166666666666667,0.45,0.4666666666666667,0.4666666666666667,0.4666666666666667,0.4666666666666667,0.4666666666666667,0.4666666666666667,0.4666666666666667,0.4666666666666667,0.4666666666666667,0.4666666666666667,0.48333333333333334,0.48333333333333334,0.48333333333333334,0.5,0.5166666666666667,0.5166666666666667,0.5166666666666667,0.5166666666666667,0.5166666666666667,0.5166666666666667,0.5166666666666667,0.5333333333333333,0.55,0.55,0.55,0.55,0.5833333333333334,0.5833333333333334,0.5833333333333334,0.5833333333333334,0.5833333333333334,0.5833333333333334,0.5833333333333334,0.6,0.6,0.6,0.6,0.65,0.65,0.6666666666666666,0.6666666666666666,0.6666666666666666,0.6666666666666666,0.6666666666666666,0.6666666666666666,0.6666666666666666,0.6666666666666666,0.6666666666666666
0.1408811247912478,0.0,0.11666666666666667,0.16666666666666666,0.2,0.3,0.35,0.43333333333333335,0.43333333333333335,0.43333333333333335,0.43333333333333335,0.43333333333333335,0.43333333333333335,0.43333333333333335,0.45,0.45,0.45,0.45,0.45,0.45,0.45,0.4666666666666667,0.4666666666666667,0.4666666666666667,0.4666666666666667,0.5,0.5,0.5,0.5,0.5166666666666667,0.5166666666666667,0.5166666666666667,0.5166666666666667,0.5166666666666667,0.5166666666666667,0.5166666666666667,0.5166666666666667,0.5166666666666667,0.5166666666666667,0.5166666666666667,0.5166666666666667,0.5333333333333333,0.5333333333333333,0.5333333333333333,0.5333333333333333,0.5333333333333333,0.5333333333333333,0.5333333333333333,0.5333333333333333,0.5333333333333333,0.5333333333333333,0.5333333333333333,0.5333333333333333,0.5333333333333333,0.5333333333333333,0.5333333333333333,0.5333333333333333,0.5333333333333333,0.5333333333333333,0.5333333333333333,0.5333333333333333
0.22702114162639708,0.0,0.06666666666666667,0.06666666666666667,0.06666666666666667,0.06666666666666667,0.08333333333333333,0.08333333333333333,0.08333333333333333,0.1,0.1,0.13333333333333333,0.13333333333333333,0.13333333333333333,0.13333333333333333,0.13333333333333333,0.13333333333333333,0.16666666666666666,0.16666666666666666,0.16666666666666666,0.16666666666666666,0.16666666666666666,0.16666666666666666,0.18333333333333332,0.18333333333333332,0.18333333333333332,0.18333333333333332,0.2,0.2,0.21666666666666667,0.21666666666666667,0.21666666666666667,0.21666666666666667,0.21666666666666667,0.23333333333333334,0.25,0.25,0.25,0.25,0.25,0.25,0.25,0.25,0.25,0.25,0.25,0.25,0.25,0.25,0.25,0.25,0.25,0.25,0.25,0.25,0.25,0.25,0.25,0.25,0.25,0.25
0.8477868620174466,0.0,0.06666666666666667,0.06666666666666667,0.06666666666666667,0.06666666666666667,0.08333333333333333,0.13333333333333333,0.13333333333333333,0.13333333333333333,0.15,0.21666666666666667,0.25,0.2833333333333333,0.2833333333333333,0.2833333333333333,0.2833333333333333,0.2833333333333333,0.2833333333333333,0.2833333333333333,0.2833333333333333,0.2833333333333333,0.2833333333333333,0.2833333333333333,0.2833333333333333,0.2833333333333333,0.2833333333333333,0.2833333333333333,0.2833333333333333,0.2833333333333333,0.2833333333333333,0.2833333333333333,0.2833333333333333,0.2833333333333333,0.2833333333333333,0.3,0.3,0.31666666666666665,0.31666666666666665,0.31666666666666665,0.3333333333333333,0.3333333333333333,0.3333333333333333,0.3333333333333333,0.3333333333333333,0.3333333333333333,0.3333333333333333,0.3333333333333333,0.3333333333333333,0.3333333333333333,0.3333333333333333,0.3333333333333333,0.3333333333333333,0.3333333333333333,0.3333333333333333,0.3333333333333333,0.3333333333333333,0.35,0.35,0.35,0.35
0.4838576625986841,0.0,0.05,0.06666666666666667,0.08333333333333333,0.1,0.11666666666666667,0.15,0.15,0.16666666666666666,0.18333333333333332,0.18333333333333332,0.18333333333333332,0.21666666666666667,0.2833333333333333,0.3,0.3,0.3,0.3,0.3,0.3,0.3,0.3,0.3,0.3,0.3,0.3,0.3,0.3,0.31666666666666665,0.31666666666666665,0.31666666666666665,0.3333333333333333,0.3333333333333333,0.3333333333333333,0.35,0.35,0.35,0.36666666666666664,0.38333333333333336,0.38333333333333336,0.38333333333333336,0.38333333333333336,0.38333333333333336,0.38333333333333336,0.38333333333333336,0.38333333333333336,0.38333333333333336,0.4,0.4,0.4,0.4,0.4,0.4,0.4,0.4,0.4,0.4,0.4,0.4,0.4
0.3994999360092999,0.0,0.1,0.1,0.13333333333333333,0.13333333333333333,0.13333333333333333,0.13333333333333333,0.13333333333333333,0.13333333333333333,0.13333333333333333,0.13333333333333333,0.13333333333333333,0.13333333333333333,0.13333333333333333,0.13333333333333333,0.15,0.15,0.16666666666666666,0.18333333333333332,0.18333333333333332,0.18333333333333332,0.18333333333333332,0.2,0.2,0.2,0.2,0.2,0.2,0.2,0.2,0.2,0.2,0.21666666666666667,0.21666666666666667,0.26666666666666666,0.26666666666666666,0.26666666666666666,0.3,0.3,0.3,0.3,0.3,0.31666666666666665,0.31666666666666665,0.36666666666666664,0.36666666666666664,0.36666666666666664,0.36666666666666664,0.38333333333333336,0.38333333333333336,0.38333333333333336,0.38333333333333336,0.38333333333333336,0.38333333333333336,0.38333333333333336,0.38333333333333336,0.38333333333333336,0.38333333333333336,0.38333333333333336,0.38333333333333336
0.48680438309984264,0.0,0.13333333333333333,0.15,0.16666666666666666,0.2,0.2,0.2,0.23333333333333334,0.25,0.26666666666666666,0.26666666666666666,0.26666666666666666,0.2833333333333333,0.2833333333333333,0.3,0.31666666666666665,0.31666666666666665,0.31666666666666665,0.31666666666666665,0.31666666666666665,0.31666666666666665,0.31666666666666665,0.35,0.4166666666666667,0.43333333333333335,0.43333333333333335,0.43333333333333335,0.43333333333333335,0.43333333333333335,0.45,0.45,0.45,0.45,0.45,0.45,0.45,0.45,0.45,0.45,0.45,0.4666666666666667,0.48333333333333334,0.48333333333333334,0.48333333333333334,0.48333333333333334,0.48333333333333334,0.48333333333333334,0.48333333333333334,0.5,0.5,0.5,0.5,0.5,0.5,0.5166666666666667,0.5166666666666667,0.5166666666666667,0.5166666666666667,0.5166666666666667,0.5166666666666667
0.8285172468096139,0.0,0.16666666666666666,0.16666666666666666,0.21666666666666667,0.21666666666666667,0.31666666666666665,0.35,0.38333333333333336,0.4166666666666667,0.43333333333333335,0.43333333333333335,0.43333333333333335,0.45,0.45,0.4666666666666667,0.48333333333333334,0.48333333333333334,0.5333333333333333,0.5333333333333333,0.5833333333333334,0.5833333333333334,0.6,0.6,0.6,0.6,0.6,0.6,0.6,0.6,0.6,0.6,0.6,0.6,0.6,0.6,0.6,0.6,0.6,0.6,0.6,0.6,0.6,0.6166666666666667,0.6166666666666667,0.6166666666666667,0.6166666666666667,0.6166666666666667,0.6166666666666667,0.6166666666666667,0.6333333333333333,0.6333333333333333,0.6333333333333333,0.6333333333333333,0.6333333333333333,0.6333333333333333,0.6333333333333333,0.6333333333333333,0.6333333333333333,0.6333333333333333,0.65
0.9650102293978042,0.0,0.03333333333333333,0.03333333333333333,0.06666666666666667,0.06666666666666667,0.08333333333333333,0.08333333333333333,0.08333333333333333,0.1,0.1,0.1,0.1,0.13333333333333333,0.21666666666666667,0.26666666666666666,0.2833333333333333,0.2833333333333333,0.2833333333333333,0.2833333333333333,0.2833333333333333,0.2833333333333333,0.2833333333333333,0.2833333333333333,0.2833333333333333,0.2833333333333333,0.2833333333333333,0.2833333333333333,0.2833333333333333,0.2833333333333333,0.2833333333333333,0.3,0.3,0.3,0.3,0.3,0.3,0.3,0.3,0.3,0.3,0.3,0.3,0.3,0.3,0.3,0.3,0.3,0.3,0.3,0.3,0.3,0.3,0.3,0.3,0.3,0.31666666666666665,0.31666666666666665,0.31666666666666665,0.31666666666666665,0.31666666666666665
0.5818194026481196,0.0,0.0,0.0,0.0,0.0,0.016666666666666666,0.016666666666666666,0.016666666666666666,0.016666666666666666,0.016666666666666666,0.016666666666666666,0.016666666666666666,0.016666666666666666,0.03333333333333333,0.05,0.06666666666666667,0.06666666666666667,0.06666666666666667,0.06666666666666667,0.06666666666666667,0.06666666666666667,0.06666666666666667,0.06666666666666667,0.06666666666666667,0.06666666666666667,0.06666666666666667,0.06666666666666667,0.06666666666666667,0.06666666666666667,0.06666666666666667,0.08333333333333333,0.08333333333333333,0.08333333333333333,0.08333333333333333,0.08333333333333333,0.08333333333333333,0.08333333333333333,0.08333333333333333,0.08333333333333333,0.08333333333333333,0.08333333333333333,0.08333333333333333,0.08333333333333333,0.08333333333333333,0.08333333333333333,0.08333333333333333,0.08333333333333333,0.08333333333333333,0.08333333333333333,0.08333333333333333,0.08333333333333333,0.08333333333333333,0.08333333333333333,0.08333333333333333,0.08333333333333333,0.08333333333333333,0.08333333333333333,0.08333333333333333,0.08333333333333333,0.08333333333333333
0.8392353953676868,0.0,0.08333333333333333,0.21666666666666667,0.3,0.4166666666666667,0.4666666666666667,0.5166666666666667,0.5666666666666667,0.6333333333333333,0.65,0.6666666666666666,0.7,0.7,0.7166666666666667,0.7166666666666667,0.7166666666666667,0.7333333333333333,0.7333333333333333,0.75,0.75,0.75,0.75,0.75,0.75,0.75,0.75,0.75,0.75,0.75,0.75,0.75,0.75,0.75,0.75,0.75,0.75,0.7666666666666667,0.7666666666666667,0.7666666666666667,0.7833333333333333,0.7833333333333333,0.7833333333333333,0.7833333333333333,0.7833333333333333,0.7833333333333333,0.7833333333333333,0.7833333333333333,0.7833333333333333,0.7833333333333333,0.7833333333333333,0.7833333333333333,0.7833333333333333,0.7833333333333333,0.7833333333333333,0.7833333333333333,0.7833333333333333,0.7833333333333333,0.7833333333333333,0.7833333333333333,0.7833333333333333
0.2590592651817256,0.0,0.0,0.0,0.0,0.0,0.016666666666666666,0.03333333333333333,0.03333333333333333,0.03333333333333333,0.05,0.05,0.05,0.05,0.05,0.05,0.05,0.05,0.05,0.05,0.05,0.05,0.05,0.05,0.05,0.05,0.05,0.05,0.05,0.05,0.06666666666666667,0.06666666666666667,0.06666666666666667,0.06666666666666667,0.06666666666666667,0.06666666666666667,0.1,0.11666666666666667,0.11666666666666667,0.11666666666666667,0.11666666666666667,0.11666666666666667,0.13333333333333333,0.16666666666666666,0.18333333333333332,0.18333333333333332,0.18333333333333332,0.18333333333333332,0.18333333333333332,0.18333333333333332,0.18333333333333332,0.18333333333333332,0.18333333333333332,0.18333333333333332,0.2,0.2,0.23333333333333334,0.23333333333333334,0.23333333333333334,0.23333333333333334,0.23333333333333334
0.6027373853289232,0.0,0.06666666666666667,0.06666666666666667,0.08333333333333333,0.15,0.16666666666666666,0.16666666666666666,0.26666666666666666,0.3333333333333333,0.36666666666666664,0.36666666666666664,0.36666666666666664,0.36666666666666664,0.4,0.4,0.4,0.4,0.4,0.4,0.4,0.4,0.4,0.4,0.4,0.4166666666666667,0.43333333333333335,0.43333333333333335,0.43333333333333335,0.45,0.4666666666666667,0.4666666666666667,0.4666666666666667,0.4666666666666667,0.48333333333333334,0.48333333333333334,0.48333333333333334,0.48333333333333334,0.48333333333333334,0.5,0.5,0.5,0.5,0.5,0.5166666666666667,0.5166666666666667,0.5166666666666667,0.5333333333333333,0.5333333333333333,0.5333333333333333,0.5333333333333333,0.55,0.55,0.55,0.55,0.55,0.55,0.55,0.55,0.5666666666666667,0.5666666666666667
0.23147327933613748,0.0,0.016666666666666666,0.03333333333333333,0.03333333333333333,0.03333333333333333,0.05,0.06666666666666667,0.1,0.15,0.16666666666666666,0.25,0.25,0.2833333333333333,0.3,0.3,0.3,0.3,0.31666666666666665,0.31666666666666665,0.35,0.35,0.36666666666666664,0.36666666666666664,0.43333333333333335,0.43333333333333335,0.43333333333333335,0.43333333333333335,0.43333333333333335,0.43333333333333335,0.43333333333333335,0.43333333333333335,0.43333333333333335,0.43333333333333335,0.43333333333333335,0.43333333333333335,0.43333333333333335,0.43333333333333335,0.43333333333333335,0.43333333333333335,0.43333333333333335,0.43333333333333335,0.43333333333333335,0.43333333333333335,0.43333333333333335,0.43333333333333335,0.43333333333333335,0.43333333333333335,0.43333333333333335,0.43333333333333335,0.43333333333333335,0.43333333333333335,0.43333333333333335,0.43333333333333335,0.43333333333333335,0.43333333333333335,0.43333333333333335,0.43333333333333335,0.43333333333333335,0.43333333333333335,0.43333333333333335
0.15104074160037484,0.0,0.05,0.06666666666666667,0.13333333333333333,0.2,0.2,0.21666666666666667,0.21666666666666667,0.21666666666666667,0.21666666666666667,0.23333333333333334,0.25,0.25,0.2833333333333333,0.2833333333333333,0.3,0.38333333333333336,0.4,0.4,0.4,0.4,0.4,0.4166666666666667,0.4166666666666667,0.4166666666666667,0.4166666666666667,0.4166666666666667,0.45,0.4666666666666667,0.48333333333333334,0.48333333333333334,0.48333333333333334,0.48333333333333334,0.48333333333333334,0.48333333333333334,0.48333333333333334,0.5,0.5,0.5,0.5166666666666667,0.5166666666666667,0.5166666666666667,0.5333333333333333,0.5333333333333333,0.55,0.55,0.55,0.55,0.55,0.55,0.55,0.55,0.55,0.55,0.55,0.55,0.55,0.55,0.55,0.55
0.891676818618222,0.0,0.1,0.2,0.2,0.25,0.2833333333333333,0.2833333333333333,0.31666666666666665,0.31666666666666665,0.31666666666666665,0.3333333333333333,0.35,0.36666666666666664,0.45,0.4666666666666667,0.5333333333333333,0.5333333333333333,0.5333333333333333,0.5333333333333333,0.55,0.5666666666666667,0.5666666666666667,0.5666666666666667,0.5833333333333334,0.5833333333333334,0.5833333333333334,0.5833333333333334,0.5833333333333334,0.5833333333333334,0.5833333333333334,0.5833333333333334,0.5833333333333334,0.5833333333333334,0.5833333333333334,0.5833333333333334,0.5833333333333334,0.5833333333333334,0.5833333333333334,0.5833333333333334,0.5833333333333334,0.5833333333333334,0.5833333333333334,0.5833333333333334,0.5833333333333334,0.5833333333333334,0.5833333333333334,0.5833333333333334,0.5833333333333334,0.5833333333333334,0.5833333333333334,0.5833333333333334,0.5833333333333334,0.5833333333333334,0.6,0.6166666666666667,0.6166666666666667,0.6166666666666667,0.6166666666666667,0.6166666666666667,0.6166666666666667
0.6869610710913471,0.0,0.15,0.15,0.15,0.16666666666666666,0.16666666666666666,0.16666666666666666,0.26666666666666666,0.3,0.3333333333333333,0.35,0.36666666666666664,0.38333333333333336,0.38333333333333336,0.38333333333333336,0.38333333333333336,0.38333333333333336,0.38333333333333336,0.38333333333333336,0.38333333333333336,0.38333333333333336,0.38333333333333336,0.38333333333333336,0.38333333333333336,0.38333333333333336,0.4,0.4,0.4,0.4166666666666667,0.4166666666666667,0.43333333333333335,0.43333333333333335,0.4666666666666667,0.4666666666666667,0.4666666666666667,0.4666666666666667,0.4666666666666667,0.4666666666666667,0.4666666666666667,0.4666666666666667,0.4666666666666667,0.4666666666666667,0.4666666666666667,0.4666666666666667,0.4666666666666667,0.4666666666666667,0.4666666666666667,0.4666666666666667,0.4666666666666667,0.4666666666666667,0.4666666666666667,0.4666666666666667,0.4666666666666667,0.4666666666666667,0.4666666666666667,0.4666666666666667,0.4666666666666667,0.4666666666666667,0.48333333333333334,0.48333333333333334
0.9023059380290591,0.0,0.11666666666666667,0.13333333333333333,0.15,0.15,0.18333333333333332,0.18333333333333332,0.2,0.2,0.2,0.2,0.2,0.2,0.2,0.21666666666666667,0.31666666666666665,0.3333333333333333,0.35,0.35,0.35,0.36666666666666664,0.4,0.4,0.4166666666666667,0.4666666666666667,0.4666666666666667,0.4666666666666667,0.48333333333333334,0.48333333333333334,0.48333333333333334,0.48333333333333334,0.48333333333333334,0.48333333333333334,0.48333333333333334,0.48333333333333334,0.48333333333333334,0.48333333333333334,0.48333333333333334,0.48333333333333334,0.48333333333333334,0.48333333333333334,0.48333333333333334,0.48333333333333334,0.48333333333333334,0.48333333333333334,0.48333333333333334,0.48333333333333334,0.48333333333333334,0.48333333333333334,0.48333333333333334,0.48333333333333334,0.5,0.5,0.5,0.5,0.5,0.5,0.5,0.5,0.5
0.8290134100890678,0.0,0.2,0.23333333333333334,0.3333333333333333,0.4166666666666667,0.48333333333333334,0.5,0.5,0.5333333333333333,0.5666666666666667,0.5666666666666667,0.5666666666666667,0.5833333333333334,0.6166666666666667,0.6166666666666667,0.6166666666666667,0.6166666666666667,0.6166666666666667,0.6166666666666667,0.6166666666666667,0.6166666666666667,0.6166666666666667,0.6166666666666667,0.6166666666666667,0.6166666666666667,0.6166666666666667,0.6166666666666667,0.6166666666666667,0.6166666666666667,0.6333333333333333,0.6333333333333333,0.6333333333333333,0.6333333333333333,0.6333333333333333,0.6333333333333333,0.6333333333333333,0.6333333333333333,0.6333333333333333,0.6333333333333333,0.6333333333333333,0.6333333333333333,0.6333333333333333,0.6333333333333333,0.6333333333333333,0.6333333333333333,0.6333333333333333,0.6333333333333333,0.6333333333333333,0.6333333333333333,0.6333333333333333,0.6333333333333333,0.6333333333333333,0.6333333333333333,0.6333333333333333,0.6333333333333333,0.6333333333333333,0.6333333333333333,0.6333333333333333,0.6333333333333333,0.6333333333333333
0.05198158961067234,0.0,0.06666666666666667,0.06666666666666667,0.06666666666666667,0.06666666666666667,0.06666666666666667,0.06666666666666667,0.1,0.1,0.1,0.1,0.11666666666666667,0.16666666666666666,0.18333333333333332,0.18333333333333332,0.18333333333333332,0.2,0.2,0.2,0.2,0.2,0.2,0.2,0.2,0.2,0.2,0.2,0.2,0.2,0.2,0.2,0.2,0.2,0.2,0.2,0.2,0.2,0.2,0.2,0.2,0.2,0.2,0.2,0.2,0.2,0.2,0.2,0.2,0.2,0.2,0.2,0.2,0.2,0.2,0.2,0.2,0.2,0.2,0.2,0.2
0.8693659921393121,0.0,0.1,0.16666666666666666,0.25,0.26666666666666666,0.2833333333333333,0.3,0.31666666666666665,0.31666666666666665,0.31666666666666665,0.31666666666666665,0.38333333333333336,0.38333333333333336,0.4,0.4,0.4166666666666667,0.4166666666666667,0.43333333333333335,0.4666666666666667,0.4666666666666667,0.4666666666666667,0.4666666666666667,0.4666666666666667,0.5,0.5,0.5,0.5,0.5,0.5166666666666667,0.5166666666666667,0.5166666666666667,0.5166666666666667,0.5166666666666667,0.5166666666666667,0.5166666666666667,0.5166666666666667,0.5166666666666667,0.5166666666666667,0.5166666666666667,0.5166666666666667,0.5166666666666667,0.5166666666666667,0.5166666666666667,0.5166666666666667,0.5166666666666667,0.5166666666666667,0.5166666666666667,0.5166666666666667,0.5166666666666667,0.5166666666666667,0.5166666666666667,0.5166666666666667,0.5166666666666667,0.5166666666666667,0.5166666666666667,0.5166666666666667,0.5166666666666667,0.5166666666666667,0.5166666666666667,0.5166666666666667
0.21193281066256153,0.0,0.05,0.06666666666666667,0.08333333333333333,0.1,0.11666666666666667,0.13333333333333333,0.13333333333333333,0.15,0.16666666666666666,0.16666666666666666,0.18333333333333332,0.2,0.25,0.2833333333333333,0.3,0.3333333333333333,0.3333333333333333,0.35,0.35,0.36666666666666664,0.4,0.45,0.45,0.45,0.45,0.45,0.45,0.45,0.4666666666666667,0.4666666666666667,0.48333333333333334,0.5,0.5,0.5166666666666667,0.5166666666666667,0.5166666666666667,0.5166666666666667,0.5166666666666667,0.5166666666666667,0.5166666666666667,0.5166666666666667,0.5166666666666667,0.5166666666666667,0.5166666666666667,0.5333333333333333,0.5333333333333333,0.5333333333333333,0.5333333333333333,0.5333333333333333,0.5333333333333333,0.55,0.55,0.55,0.55,0.55,0.55,0.55,0.55,0.55
0.6150939184276388,0.0,0.0,0.0,0.0,0.05,0.13333333333333333,0.35,0.4,0.45,0.4666666666666667,0.4666666666666667,0.4666666666666667,0.4666666666666667,0.48333333333333334,0.5,0.5,0.5,0.5,0.5,0.5,0.5,0.5,0.5,0.5,0.5,0.5,0.5,0.5,0.5,0.5,0.5,0.5,0.5,0.5,0.5,0.5,0.5,0.5,0.5,0.5,0.5,0.5,0.5,0.5,0.5,0.5,0.5,0.5,0.5,0.5,0.5,0.5,0.5,0.5,0.5,0.5,0.5,0.5,0.5,0.5
0.2893506603097049,0.0,0.05,0.13333333333333333,0.25,0.26666666666666666,0.2833333333333333,0.3333333333333333,0.35,0.36666666666666664,0.36666666666666664,0.36666666666666664,0.36666666666666664,0.36666666666666664,0.38333333333333336,0.38333333333333336,0.38333333333333336,0.38333333333333336,0.38333333333333336,0.4,0.4,0.4,0.4,0.4,0.4166666666666667,0.43333333333333335,0.43333333333333335,0.43333333333333335,0.45,0.5,0.5166666666666667,0.55,0.55,0.55,0.55,0.5666666666666667,0.5833333333333334,0.5833333333333334,0.6,0.6,0.6,0.6,0.6,0.6,0.6,0.6,0.6,0.6,0.6,0.6,0.6,0.6,0.6,0.6,0.6,0.6,0.6,0.6,0.6,0.6,0.6
0.9408851099932627,0.0,0.1,0.18333333333333332,0.26666666666666666,0.2833333333333333,0.2833333333333333,0.2833333333333333,0.3,0.3333333333333333,0.3333333333333333,0.35,0.36666666666666664,0.36666666666666664,0.38333333333333336,0.4166666666666667,0.4166666666666667,0.4166666666666667,0.4166666666666667,0.4166666666666667,0.4166666666666667,0.4166666666666667,0.43333333333333335,0.43333333333333335,0.43333333333333335,0.43333333333333335,0.43333333333333335,0.43333333333333335,0.45,0.48333333333333334,0.48333333333333334,0.48333333333333334,0.5,0.5,0.5,0.5,0.5,0.5,0.5,0.5,0.5,0.5,0.5,0.5,0.5,0.5,0.5,0.5,0.5,0.5,0.5,0.5,0.5,0.5,0.5,0.5,0.5,0.5,0.5,0.5,0.5
0.7655685430082741,0.0,0.06666666666666667,0.06666666666666667,0.1,0.26666666666666666,0.31666666666666665,0.35,0.4166666666666667,0.4666666666666667,0.4666666666666667,0.4666666666666667,0.4666666666666667,0.4666666666666667,0.4666666666666667,0.48333333333333334,0.5,0.5,0.5166666666666667,0.55,0.6,0.6,0.6166666666666667,0.6166666666666667,0.6166666666666667,0.6166666666666667,0.6166666666666667,0.6166666666666667,0.6333333333333333,0.6333333333333333,0.6666666666666666,0.6666666666666666,0.6666666666666666,0.6666666666666666,0.6666666666666666,0.6666666666666666,0.6666666666666666,0.6666666666666666,0.6666666666666666,0.6666666666666666,0.6833333333333333,0.6833333333333333,0.6833333333333333,0.6833333333333333,0.6833333333333333,0.6833333333333333,0.6833333333333333,0.6833333333333333,0.6833333333333333,0.7,0.7,0.7,0.7,0.7,0.7,0.7,0.7,0.7,0.7,0.7,0.7
0.8834993265078024,0.0,0.2,0.26666666666666666,0.26666666666666666,0.26666666666666666,0.26666666666666666,0.2833333333333333,0.2833333333333333,0.2833333333333333,0.31666666666666665,0.36666666666666664,0.45,0.45,0.45,0.45,0.45,0.45,0.45,0.45,0.45,0.45,0.45,0.45,0.45,0.45,0.45,0.45,0.45,0.45,0.4666666666666667,0.4666666666666667,0.4666666666666667,0.4666666666666667,0.4666666666666667,0.4666666666666667,0.4666666666666667,0.4666666666666667,0.4666666666666667,0.4666666666666667,0.4666666666666667,0.4666666666666667,0.4666666666666667,0.4666666666666667,0.48333333333333334,0.48333333333333334,0.48333333333333334,0.48333333333333334,0.48333333333333334,0.5,0.5166666666666667,0.5166666666666667,0.5166666666666667,0.5166666666666667,0.5166666666666667,0.5166666666666667,0.5166666666666667,0.5166666666666667,0.5333333333333333,0.5333333333333333,0.5333333333333333
0.047780998462303326,0.0,0.016666666666666666,0.03333333333333333,0.06666666666666667,0.08333333333333333,0.1,0.11666666666666667,0.11666666666666667,0.11666666666666667,0.11666666666666667,0.11666666666666667,0.15,0.16666666666666666,0.18333333333333332,0.2,0.2,0.2,0.2,0.2,0.2,0.21666666666666667,0.21666666666666667,0.21666666666666667,0.21666666666666667,0.21666666666666667,0.21666666666666667,0.21666666666666667,0.21666666666666667,0.21666666666666667,0.21666666666666667,0.21666666666666667,0.21666666666666667,0.21666666666666667,0.21666666666666667,0.21666666666666667,0.21666666666666667,0.21666666666666667,0.21666666666666667,0.21666666666666667,0.21666666666666667,0.21666666666666667,0.23333333333333334,0.23333333333333334,0.23333333333333334,0.23333333333333334,0.23333333333333334,0.23333333333333334,0.23333333333333334,0.23333333333333334,0.23333333333333334,0.23333333333333334,0.23333333333333334,0.23333333333333334,0.23333333333333334,0.23333333333333334,0.23333333333333334,0.23333333333333334,0.23333333333333334,0.23333333333333334,0.23333333333333334
0.9556239788390789,0.0,0.08333333333333333,0.13333333333333333,0.13333333333333333,0.15,0.15,0.15,0.15,0.15,0.15,0.16666666666666666,0.16666666666666666,0.16666666666666666,0.16666666666666666,0.16666666666666666,0.16666666666666666,0.16666666666666666,0.16666666666666666,0.16666666666666666,0.16666666666666666,0.16666666666666666,0.18333333333333332,0.18333333333333332,0.18333333333333332,0.18333333333333332,0.18333333333333332,0.18333333333333332,0.18333333333333332,0.18333333333333332,0.18333333333333332,0.18333333333333332,0.18333333333333332,0.18333333333333332,0.18333333333333332,0.18333333333333332,0.18333333333333332,0.18333333333333332,0.23333333333333334,0.23333333333333334,0.23333333333333334,0.23333333333333334,0.23333333333333334,0.25,0.25,0.25,0.25,0.25,0.25,0.25,0.25,0.25,0.25,0.25,0.25,0.25,0.25,0.25,0.25,0.25,0.25
0.8945307800501613,0.0,0.1,0.11666666666666667,0.15,0.23333333333333334,0.26666666666666666,0.26666666666666666,0.26666666666666666,0.26666666666666666,0.26666666666666666,0.26666666666666666,0.26666666666666666,0.26666666666666666,0.3,0.3333333333333333,0.35,0.38333333333333336,0.4166666666666667,0.4166666666666667,0.4166666666666667,0.4166666666666667,0.43333333333333335,0.5333333333333333,0.5666666666666667,0.5833333333333334,0.5833333333333334,0.5833333333333334,0.5833333333333334,0.6,0.6,0.6166666666666667,0.6166666666666667,0.6166666666666667,0.6166666666666667,0.6166666666666667,0.6166666666666667,0.6166666666666667,0.6166666666666667,0.6166666666666667,0.6166666666666667,0.6166666666666667,0.6166666666666667,0.6166666666666667,0.6166666666666667,0.6166666666666667,0.6166666666666667,0.6166666666666667,0.6166666666666667,0.6166666666666667,0.6166666666666667,0.6166666666666667,0.6166666666666667,0.6166666666666667,0.6166666666666667,0.6166666666666667,0.6166666666666667,0.6166666666666667,0.6166666666666667,0.6166666666666667,0.6166666666666667
0.9669009934849275,0.0,0.05,0.06666666666666667,0.11666666666666667,0.13333333333333333,0.18333333333333332,0.18333333333333332,0.18333333333333332,0.18333333333333332,0.18333333333333332,0.18333333333333332,0.18333333333333332,0.18333333333333332,0.2,0.2,0.2,0.2,0.21666666666666667,0.21666666666666667,0.21666666666666667,0.21666666666666667,0.21666666666666667,0.23333333333333334,0.23333333333333334,0.25,0.25,0.25,0.25,0.25,0.25,0.25,0.26666666666666666,0.26666666666666666,0.26666666666666666,0.26666666666666666,0.26666666666666666,0.26666666666666666,0.26666666666666666,0.26666666666666666,0.26666666666666666,0.26666666666666666,0.26666666666666666,0.26666666666666666,0.26666666666666666,0.26666666666666666,0.26666666666666666,0.26666666666666666,0.26666666666666666,0.26666666666666666,0.26666666666666666,0.26666666666666666,0.26666666666666666,0.26666666666666666,0.3333333333333333,0.38333333333333336,0.38333333333333336,0.38333333333333336,0.38333333333333336,0.38333333333333336,0.38333333333333336
0.6874772015589679,0.0,0.1,0.16666666666666666,0.25,0.36666666666666664,0.4166666666666667,0.48333333333333334,0.5166666666666667,0.5333333333333333,0.55,0.55,0.6166666666666667,0.65,0.65,0.65,0.6833333333333333,0.6833333333333333,0.6833333333333333,0.6833333333333333,0.6833333333333333,0.7,0.7333333333333333,0.7333333333333333,0.7333333333333333,0.7333333333333333,0.7333333333333333,0.7333333333333333,0.75,0.75,0.75,0.75,0.75,0.75,0.8,0.8166666666666667,0.85,0.85,0.85,0.85,0.85,0.85,0.85,0.85,0.85,0.85,0.85,0.85,0.85,0.85,0.85,0.85,0.85,0.85,0.85,0.85,0.85,0.85,0.85,0.85,0.85
0.23998138767749555,0.0,0.05,0.05,0.05,0.06666666666666667,0.1,0.15,0.18333333333333332,0.18333333333333332,0.2,0.2,0.2,0.21666666666666667,0.21666666666666667,0.21666666666666667,0.21666666666666667,0.21666666666666667,0.21666666666666667,0.21666666666666667,0.21666666666666667,0.23333333333333334,0.23333333333333334,0.23333333333333334,0.25,0.25,0.25,0.25,0.25,0.25,0.25,0.26666666666666666,0.2833333333333333,0.3,0.3,0.3,0.3,0.3,0.3,0.3,0.3,0.31666666666666665,0.31666666666666665,0.31666666666666665,0.31666666666666665,0.31666666666666665,0.31666666666666665,0.31666666666666665,0.31666666666666665,0.31666666666666665,0.3333333333333333,0.3333333333333333,0.3333333333333333,0.3333333333333333,0.3333333333333333,0.3333333333333333,0.3333333333333333,0.3333333333333333,0.3333333333333333,0.3333333333333333,0.3333333333333333
0.43687536052140385,0.0,0.05,0.06666666666666667,0.15,0.25,0.3,0.3,0.31666666666666665,0.31666666666666665,0.31666666666666665,0.31666666666666665,0.3333333333333333,0.38333333333333336,0.4166666666666667,0.4166666666666667,0.4166666666666667,0.4166666666666667,0.43333333333333335,0.43333333333333335,0.43333333333333335,0.43333333333333335,0.43333333333333335,0.43333333333333335,0.43333333333333335,0.43333333333333335,0.43333333333333335,0.43333333333333335,0.43333333333333335,0.43333333333333335,0.43333333333333335,0.43333333333333335,0.43333333333333335,0.43333333333333335,0.43333333333333335,0.43333333333333335,0.43333333333333335,0.43333333333333335,0.43333333333333335,0.43333333333333335,0.43333333333333335,0.43333333333333335,0.43333333333333335,0.43333333333333335,0.43333333333333335,0.43333333333333335,0.43333333333333335,0.43333333333333335,0.43333333333333335,0.43333333333333335,0.43333333333333335,0.43333333333333335,0.43333333333333335,0.43333333333333335,0.43333333333333335,0.43333333333333335,0.43333333333333335,0.43333333333333335,0.43333333333333335,0.43333333333333335,0.43333333333333335
0.6764036321517021,0.0,0.13333333333333333,0.21666666666666667,0.2833333333333333,0.31666666666666665,0.31666666666666665,0.31666666666666665,0.31666666666666665,0.3333333333333333,0.3333333333333333,0.38333333333333336,0.4,0.43333333333333335,0.43333333333333335,0.43333333333333335,0.45,0.45,0.45,0.5,0.5333333333333333,0.55,0.5666666666666667,0.5666666666666667,0.5666666666666667,0.5666666666666667,0.5666666666666667,0.5666666666666667,0.5666666666666667,0.5666666666666667,0.5666666666666667,0.5666666666666667,0.5666666666666667,0.5666666666666667,0.5833333333333334,0.5833333333333334,0.5833333333333334,0.5833333333333334,0.5833333333333334,0.5833333333333334,0.5833333333333334,0.5833333333333334,0.6,0.6,0.6166666666666667,0.6166666666666667,0.6166666666666667,0.6166666666666667,0.6166666666666667,0.6166666666666667,0.6166666666666667,0.6166666666666667,0.6166666666666667,0.6166666666666667,0.6166666666666667,0.6166666666666667,0.6166666666666667,0.6333333333333333,0.65,0.65,0.6666666666666666
0.9788663700101214,0.0,0.08333333333333333,0.1,0.13333333333333333,0.18333333333333332,0.2,0.2,0.2,0.2,0.23333333333333334,0.26666666666666666,0.26666666666666666,0.2833333333333333,0.3,0.3,0.3,0.31666666666666665,0.38333333333333336,0.38333333333333336,0.38333333333333336,0.38333333333333336,0.38333333333333336,0.38333333333333336,0.38333333333333336,0.4,0.4,0.4,0.4,0.4,0.4,0.4,0.4,0.4,0.4,0.4,0.4,0.4,0.4,0.4,0.4,0.4,0.4,0.4,0.4,0.4,0.4,0.4,0.4,0.4,0.4,0.4,0.4,0.4,0.4,0.4,0.4,0.4,0.4,0.4,0.4
0.5177037208624196,0.0,0.05,0.06666666666666667,0.08333333333333333,0.1,0.1,0.11666666666666667,0.11666666666666667,0.15,0.15,0.2,0.26666666666666666,0.26666666666666666,0.26666666666666666,0.26666666666666666,0.26666666666666666,0.2833333333333333,0.3,0.3,0.3,0.3,0.3,0.3,0.3,0.3,0.3,0.3,0.31666666666666665,0.31666666666666665,0.38333333333333336,0.4,0.4,0.4,0.4,0.4,0.4,0.4,0.4166666666666667,0.4166666666666667,0.4166666666666667,0.4166666666666667,0.4166666666666667,0.4166666666666667,0.43333333333333335,0.43333333333333335,0.43333333333333335,0.43333333333333335,0.43333333333333335,0.43333333333333335,0.43333333333333335,0.43333333333333335,0.43333333333333335,0.45,0.45,0.45,0.45,0.45,0.45,0.4666666666666667,0.4666666666666667
0.08945113867884358,0.0,0.15,0.21666666666666667,0.21666666666666667,0.21666666666666667,0.25,0.31666666666666665,0.35,0.38333333333333336,0.4166666666666667,0.4166666666666667,0.4166666666666667,0.4166666666666667,0.4166666666666667,0.4166666666666667,0.4166666666666667,0.4166666666666667,0.4166666666666667,0.4166666666666667,0.4166666666666667,0.4166666666666667,0.4166666666666667,0.4166666666666667,0.43333333333333335,0.43333333333333335,0.43333333333333335,0.43333333333333335,0.43333333333333335,0.43333333333333335,0.43333333333333335,0.43333333333333335,0.43333333333333335,0.43333333333333335,0.43333333333333335,0.43333333333333335,0.43333333333333335,0.43333333333333335,0.45,0.45,0.45,0.45,0.45,0.45,0.45,0.45,0.45,0.45,0.45,0.45,0.45,0.45,0.45,0.45,0.45,0.45,0.45,0.45,0.45,0.45,0.45
0.7254847679545859,0.0,0.15,0.21666666666666667,0.23333333333333334,0.25,0.3,0.36666666666666664,0.4,0.4,0.4,0.45,0.5,0.5,0.5,0.5,0.5,0.5166666666666667,0.5333333333333333,0.5333333333333333,0.5833333333333334,0.5833333333333334,0.5833333333333334,0.5833333333333334,0.6,0.6,0.6166666666666667,0.6166666666666667,0.6166666666666667,0.6166666666666667,0.6166666666666667,0.6166666666666667,0.65,0.65,0.65,0.65,0.65,0.65,0.65,0.65,0.6666666666666666,0.6666666666666666,0.6666666666666666,0.6666666666666666,0.6666666666666666,0.6666666666666666,0.6666666666666666,0.6666666666666666,0.6666666666666666,0.6666666666666666,0.6666666666666666,0.6666666666666666,0.6666666666666666,0.6666666666666666,0.6666666666666666,0.6666666666666666,0.6666666666666666,0.6666666666666666,0.6666666666666666,0.6666666666666666,0.6666666666666666
0.4668692458177449,0.0,0.03333333333333333,0.03333333333333333,0.03333333333333333,0.03333333333333333,0.05,0.08333333333333333,0.11666666666666667,0.11666666666666667,0.13333333333333333,0.15,0.15,0.15,0.15,0.15,0.15,0.15,0.16666666666666666,0.16666666666666666,0.16666666666666666,0.16666666666666666,0.2,0.23333333333333334,0.23333333333333334,0.23333333333333334,0.23333333333333334,0.23333333333333334,0.23333333333333334,0.23333333333333334,0.23333333333333334,0.23333333333333334,0.23333333333333334,0.23333333333333334,0.23333333333333334,0.23333333333333334,0.23333333333333334,0.23333333333333334,0.25,0.26666666666666666,0.26666666666666666,0.26666666666666666,0.26666666666666666,0.26666666666666666,0.26666666666666666,0.26666666666666666,0.26666666666666666,0.26666666666666666,0.26666666666666666,0.26666666666666666,0.26666666666666666,0.26666666666666666,0.26666666666666666,0.26666666666666666,0.26666666666666666,0.26666666666666666,0.26666666666666666,0.26666666666666666,0.26666666666666666,0.26666666666666666,0.26666666666666666
0.9875173391220979,0.0,0.13333333333333333,0.13333333333333333,0.13333333333333333,0.15,0.15,0.15,0.15,0.15,0.15,0.15,0.15,0.15,0.15,0.15,0.16666666666666666,0.16666666666666666,0.16666666666666666,0.18333333333333332,0.2,0.2,0.2,0.2,0.2,0.2,0.2,0.2,0.2,0.2,0.2,0.2,0.2,0.2,0.2,0.2,0.2,0.2,0.2,0.2,0.2,0.2,0.2,0.2,0.2,0.2,0.2,0.2,0.2,0.2,0.2,0.2,0.2,0.2,0.2,0.2,0.2,0.2,0.2,0.2,0.2
0.13442573410149494,0.0,0.08333333333333333,0.08333333333333333,0.1,0.13333333333333333,0.15,0.16666666666666666,0.16666666666666666,0.16666666666666666,0.18333333333333332,0.2,0.23333333333333334,0.23333333333333334,0.23333333333333334,0.23333333333333334,0.23333333333333334,0.23333333333333334,0.23333333333333334,0.23333333333333334,0.23333333333333334,0.23333333333333334,0.25,0.25,0.25,0.25,0.25,0.25,0.25,0.25,0.25,0.25,0.25,0.25,0.25,0.25,0.25,0.25,0.25,0.25,0.25,0.25,0.25,0.25,0.25,0.25,0.25,0.25,0.25,0.25,0.25,0.25,0.25,0.25,0.25,0.25,0.25,0.25,0.25,0.25,0.25
0.7859222036392035,0.0,0.15,0.15,0.15,0.15,0.15,0.16666666666666666,0.16666666666666666,0.18333333333333332,0.2,0.2,0.21666666666666667,0.23333333333333334,0.26666666666666666,0.26666666666666666,0.26666666666666666,0.26666666666666666,0.3,0.3,0.3,0.3,0.31666666666666665,0.31666666666666665,0.31666666666666665,0.31666666666666665,0.31666666666666665,0.3333333333333333,0.3333333333333333,0.3333333333333333,0.3333333333333333,0.3333333333333333,0.3333333333333333,0.3333333333333333,0.3333333333333333,0.3333333333333333,0.3333333333333333,0.3333333333333333,0.3333333333333333,0.3333333333333333,0.3333333333333333,0.3333333333333333,0.3333333333333333,0.3333333333333333,0.3333333333333333,0.3333333333333333,0.36666666666666664,0.38333333333333336,0.4,0.4,0.4,0.4,0.4,0.4,0.4,0.4,0.4,0.4,0.4,0.4,0.4
0.08168207315692033,0.0,0.15,0.15,0.15,0.18333333333333332,0.18333333333333332,0.21666666666666667,0.23333333333333334,0.23333333333333334,0.23333333333333334,0.23333333333333334,0.23333333333333334,0.25,0.25,0.25,0.25,0.25,0.25,0.26666666666666666,0.26666666666666666,0.26666666666666666,0.26666666666666666,0.26666666666666666,0.26666666666666666,0.2833333333333333,0.2833333333333333,0.2833333333333333,0.2833333333333333,0.2833333333333333,0.3,0.3,0.31666666666666665,0.31666666666666665,0.31666666666666665,0.31666666666666665,0.31666666666666665,0.31666666666666665,0.31666666666666665,0.31666666666666665,0.31666666666666665,0.31666666666666665,0.31666666666666665,0.31666666666666665,0.31666666666666665,0.31666666666666665,0.31666666666666665,0.31666666666666665,0.31666666666666665,0.31666666666666665,0.31666666666666665,0.31666666666666665,0.31666666666666665,0.31666666666666665,0.31666666666666665,0.31666666666666665,0.31666666666666665,0.31666666666666665,0.31666666666666665,0.31666666666666665,0.31666666666666665
0.15243606502553886,0.0,0.1,0.13333333333333333,0.13333333333333333,0.15,0.16666666666666666,0.2,0.2,0.21666666666666667,0.21666666666666667,0.25,0.25,0.25,0.25,0.25,0.25,0.25,0.25,0.25,0.25,0.25,0.25,0.25,0.25,0.25,0.25,0.25,0.25,0.25,0.25,0.25,0.25,0.25,0.25,0.25,0.25,0.25,0.25,0.25,0.25,0.26666666666666666,0.26666666666666666,0.26666666666666666,0.26666666666666666,0.26666666666666666,0.26666666666666666,0.26666666666666666,0.26666666666666666,0.26666666666666666,0.26666666666666666,0.26666666666666666,0.26666666666666666,0.26666666666666666,0.26666666666666666,0.26666666666666666,0.26666666666666666,0.26666666666666666,0.26666666666666666,0.26666666666666666,0.26666666666666666
0.45655250271003534,0.0,0.15,0.2,0.21666666666666667,0.23333333333333334,0.23333333333333334,0.2833333333333333,0.2833333333333333,0.31666666666666665,0.36666666666666664,0.4666666666666667,0.5166666666666667,0.55,0.5666666666666667,0.5833333333333334,0.6666666666666666,0.7333333333333333,0.75,0.75,0.75,0.7666666666666667,0.7666666666666667,0.7666666666666667,0.7666666666666667,0.7666666666666667,0.7666666666666667,0.7666666666666667,0.7666666666666667,0.7666666666666667,0.7666666666666667,0.7666666666666667,0.7666666666666667,0.7666666666666667,0.7666666666666667,0.7666666666666667,0.7666666666666667,0.7666666666666667,0.7666666666666667,0.7666666666666667,0.7666666666666667,0.7666666666666667,0.7666666666666667,0.7666666666666667,0.7666666666666667,0.7666666666666667,0.7666666666666667,0.7666666666666667,0.7833333333333333,0.7833333333333333,0.7833333333333333,0.7833333333333333,0.7833333333333333,0.7833333333333333,0.8,0.8,0.8,0.8,0.8,0.8,0.8
0.6794506219862805,0.0,0.03333333333333333,0.05,0.06666666666666667,0.06666666666666667,0.06666666666666667,0.06666666666666667,0.06666666666666667,0.06666666666666667,0.08333333333333333,0.1,0.15,0.15,0.15,0.15,0.18333333333333332,0.18333333333333332,0.18333333333333332,0.18333333333333332,0.18333333333333332,0.18333333333333332,0.18333333333333332,0.18333333333333332,0.18333333333333332,0.18333333333333332,0.18333333333333332,0.18333333333333332,0.18333333333333332,0.18333333333333332,0.18333333333333332,0.18333333333333332,0.18333333333333332,0.18333333333333332,0.18333333333333332,0.18333333333333332,0.18333333333333332,0.18333333333333332,0.18333333333333332,0.18333333333333332,0.18333333333333332,0.18333333333333332,0.18333333333333332,0.18333333333333332,0.18333333333333332,0.18333333333333332,0.18333333333333332,0.18333333333333332,0.18333333333333332,0.18333333333333332,0.18333333333333332,0.18333333333333332,0.18333333333333332,0.18333333333333332,0.18333333333333332,0.18333333333333332,0.18333333333333332,0.2,0.2,0.2,0.2
0.9086424446812806,0.0,0.15,0.2,0.2,0.2,0.21666666666666667,0.23333333333333334,0.25,0.26666666666666666,0.26666666666666666,0.2833333333333333,0.2833333333333333,0.2833333333333333,0.2833333333333333,0.3,0.3,0.3,0.3,0.3333333333333333,0.3333333333333333,0.3333333333333333,0.3333333333333333,0.3333333333333333,0.3333333333333333,0.3333333333333333,0.3333333333333333,0.3333333333333333,0.3333333333333333,0.3333333333333333,0.3333333333333333,0.3333333333333333,0.3333333333333333,0.3333333333333333,0.3333333333333333,0.3333333333333333,0.3333333333333333,0.3333333333333333,0.3333333333333333,0.3333333333333333,0.3333333333333333,0.3333333333333333,0.3333333333333333,0.3333333333333333,0.3333333333333333,0.3333333333333333,0.3333333333333333,0.3333333333333333,0.3333333333333333,0.3333333333333333,0.3333333333333333,0.3333333333333333,0.3333333333333333,0.3333333333333333,0.3333333333333333,0.3333333333333333,0.3333333333333333,0.3333333333333333,0.3333333333333333,0.3333333333333333,0.3333333333333333
0.35182390934888663,0.0,0.15,0.21666666666666667,0.21666666666666667,0.21666666666666667,0.23333333333333334,0.23333333333333334,0.23333333333333334,0.23333333333333334,0.25,0.25,0.25,0.25,0.26666666666666666,0.3,0.3,0.3,0.31666666666666665,0.31666666666666665,0.31666666666666665,0.31666666666666665,0.31666666666666665,0.31666666666666665,0.31666666666666665,0.31666666666666665,0.31666666666666665,0.3333333333333333,0.3333333333333333,0.3333333333333333,0.3333333333333333,0.3333333333333333,0.3333333333333333,0.3333333333333333,0.3333333333333333,0.3333333333333333,0.3333333333333333,0.3333333333333333,0.3333333333333333,0.3333333333333333,0.3333333333333333,0.3333333333333333,0.3333333333333333,0.3333333333333333,0.3333333333333333,0.3333333333333333,0.3333333333333333,0.38333333333333336,0.38333333333333336,0.38333333333333336,0.4,0.5,0.5,0.55,0.5833333333333334,0.5833333333333334,0.5833333333333334,0.5833333333333334,0.5833333333333334,0.5833333333333334,0.5833333333333334
0.7787405972194652,0.0,0.06666666666666667,0.06666666666666667,0.08333333333333333,0.08333333333333333,0.08333333333333333,0.08333333333333333,0.08333333333333333,0.08333333333333333,0.08333333333333333,0.08333333333333333,0.08333333333333333,0.08333333333333333,0.08333333333333333,0.08333333333333333,0.08333333333333333,0.08333333333333333,0.08333333333333333,0.08333333333333333,0.11666666666666667,0.11666666666666667,0.11666666666666667,0.11666666666666667,0.11666666666666667,0.11666666666666667,0.11666666666666667,0.13333333333333333,0.13333333333333333,0.13333333333333333,0.13333333333333333,0.13333333333333333,0.13333333333333333,0.13333333333333333,0.13333333333333333,0.13333333333333333,0.13333333333333333,0.13333333333333333,0.13333333333333333,0.13333333333333333,0.13333333333333333,0.13333333333333333,0.13333333333333333,0.13333333333333333,0.13333333333333333,0.13333333333333333,0.13333333333333333,0.15,0.15,0.15,0.15,0.15,0.15,0.15,0.15,0.15,0.15,0.15,0.15,0.15,0.15
0.29014388398404756,0.0,0.13333333333333333,0.15,0.25,0.31666666666666665,0.35,0.4166666666666667,0.48333333333333334,0.5,0.5166666666666667,0.55,0.6,0.6666666666666666,0.7166666666666667,0.7333333333333333,0.75,0.75,0.75,0.75,0.75,0.75,0.75,0.75,0.75,0.75,0.75,0.75,0.75,0.75,0.75,0.75,0.75,0.75,0.75,0.75,0.75,0.75,0.75,0.75,0.75,0.75,0.75,0.75,0.75,0.75,0.75,0.75,0.75,0.75,0.75,0.75,0.75,0.75,0.75,0.75,0.75,0.75,0.75,0.75,0.75
0.9709076674044373,0.0,0.11666666666666667,0.21666666666666667,0.23333333333333334,0.31666666666666665,0.3333333333333333,0.38333333333333336,0.43333333333333335,0.45,0.4666666666666667,0.4666666666666667,0.4666666666666667,0.4666666666666667,0.4666666666666667,0.4666666666666667,0.4666666666666667,0.4666666666666667,0.4666666666666667,0.4666666666666667,0.4666666666666667,0.4666666666666667,0.48333333333333334,0.48333333333333334,0.5,0.5166666666666667,0.5166666666666667,0.5166666666666667,0.5333333333333333,0.5333333333333333,0.5333333333333333,0.5333333333333333,0.5333333333333333,0.5333333333333333,0.5333333333333333,0.55,0.55,0.5666666666666667,0.5666666666666667,0.5666666666666667,0.5666666666666667,0.5666666666666667,0.5666666666666667,0.5666666666666667,0.5666666666666667,0.5666666666666667,0.5666666666666667,0.5666666666666667,0.5666666666666667,0.5666666666666667,0.5666666666666667,0.5666666666666667,0.5666666666666667,0.5666666666666667,0.5666666666666667,0.5666666666666667,0.5666666666666667,0.5666666666666667,0.5666666666666667,0.5666666666666667,0.5666666666666667
0.357471715191909,0.0,0.1,0.11666666666666667,0.11666666666666667,0.18333333333333332,0.2,0.2,0.23333333333333334,0.23333333333333334,0.23333333333333334,0.23333333333333334,0.23333333333333334,0.23333333333333334,0.23333333333333334,0.23333333333333334,0.23333333333333334,0.23333333333333334,0.23333333333333334,0.23333333333333334,0.23333333333333334,0.23333333333333334,0.23333333333333334,0.23333333333333334,0.23333333333333334,0.23333333333333334,0.23333333333333334,0.23333333333333334,0.23333333333333334,0.23333333333333334,0.23333333333333334,0.23333333333333334,0.23333333333333334,0.23333333333333334,0.23333333333333334,0.23333333333333334,0.23333333333333334,0.23333333333333334,0.23333333333333334,0.23333333333333334,0.23333333333333334,0.23333333333333334,0.23333333333333334,0.23333333333333334,0.23333333333333334,0.23333333333333334,0.23333333333333334,0.23333333333333334,0.23333333333333334,0.23333333333333334,0.23333333333333334,0.23333333333333334,0.23333333333333334,0.23333333333333334,0.23333333333333334,0.23333333333333334,0.23333333333333334,0.23333333333333334,0.23333333333333334,0.23333333333333334,0.23333333333333334
0.7412079989497391,0.0,0.05,0.05,0.05,0.1,0.15,0.2,0.25,0.25,0.26666666666666666,0.26666666666666666,0.26666666666666666,0.26666666666666666,0.2833333333333333,0.2833333333333333,0.31666666666666665,0.3333333333333333,0.3333333333333333,0.3333333333333333,0.3333333333333333,0.3333333333333333,0.3333333333333333,0.3333333333333333,0.3333333333333333,0.3333333333333333,0.3333333333333333,0.3333333333333333,0.3333333333333333,0.3333333333333333,0.3333333333333333,0.3333333333333333,0.3333333333333333,0.3333333333333333,0.3333333333333333,0.3333333333333333,0.3333333333333333,0.35,0.35,0.35,0.35,0.35,0.35,0.35,0.35,0.35,0.36666666666666664,0.36666666666666664,0.36666666666666664,0.36666666666666664,0.36666666666666664,0.36666666666666664,0.36666666666666664,0.36666666666666664,0.36666666666666664,0.36666666666666664,0.36666666666666664,0.36666666666666664,0.36666666666666664,0.36666666666666664,0.36666666666666664
0.6247850301993045,0.0,0.08333333333333333,0.08333333333333333,0.13333333333333333,0.16666666666666666,0.2,0.26666666666666666,0.26666666666666666,0.3,0.3,0.3,0.31666666666666665,0.38333333333333336,0.4166666666666667,0.4166666666666667,0.43333333333333335,0.45,0.45,0.45,0.4666666666666667,0.5,0.5166666666666667,0.5166666666666667,0.5166666666666667,0.5166666666666667,0.5333333333333333,0.55,0.55,0.55,0.55,0.55,0.55,0.55,0.55,0.5666666666666667,0.5666666666666667,0.5666666666666667,0.5666666666666667,0.5833333333333334,0.5833333333333334,0.5833333333333334,0.5833333333333334,0.5833333333333334,0.5833333333333334,0.5833333333333334,0.5833333333333334,0.5833333333333334,0.5833333333333334,0.6,0.6,0.6,0.6,0.6,0.6,0.6,0.6,0.6,0.6,0.6,0.6
0.5151368712956212,0.0,0.1,0.13333333333333333,0.18333333333333332,0.25,0.26666666666666666,0.2833333333333333,0.31666666666666665,0.3333333333333333,0.3333333333333333,0.3333333333333333,0.3333333333333333,0.3333333333333333,0.3333333333333333,0.3333333333333333,0.3333333333333333,0.3333333333333333,0.3333333333333333,0.3333333333333333,0.3333333333333333,0.3333333333333333,0.3333333333333333,0.3333333333333333,0.3333333333333333,0.3333333333333333,0.35,0.35,0.35,0.35,0.35,0.35,0.35,0.35,0.35,0.35,0.35,0.35,0.35,0.35,0.35,0.35,0.35,0.35,0.35,0.35,0.35,0.35,0.35,0.35,0.35,0.35,0.35,0.35,0.35,0.35,0.35,0.35,0.35,0.35,0.35
0.12531078142986263,0.0,0.13333333333333333,0.21666666666666667,0.2833333333333333,0.31666666666666665,0.38333333333333336,0.38333333333333336,0.4,0.4166666666666667,0.5,0.5666666666666667,0.5833333333333334,0.5833333333333334,0.5833333333333334,0.6166666666666667,0.6333333333333333,0.6833333333333333,0.7,0.7166666666666667,0.7166666666666667,0.7166666666666667,0.7166666666666667,0.7166666666666667,0.7333333333333333,0.7333333333333333,0.75,0.75,0.75,0.75,0.75,0.75,0.75,0.75,0.75,0.75,0.75,0.75,0.75,0.75,0.75,0.75,0.75,0.75,0.75,0.75,0.75,0.75,0.75,0.75,0.75,0.75,0.75,0.75,0.75,0.75,0.75,0.75,0.75,0.75,0.75
0.916820498868432,0.0,0.03333333333333333,0.05,0.05,0.1,0.1,0.11666666666666667,0.16666666666666666,0.16666666666666666,0.16666666666666666,0.16666666666666666,0.18333333333333332,0.18333333333333332,0.23333333333333334,0.26666666666666666,0.31666666666666665,0.31666666666666665,0.31666666666666665,0.35,0.35,0.35,0.36666666666666664,0.36666666666666664,0.36666666666666664,0.36666666666666664,0.36666666666666664,0.36666666666666664,0.36666666666666664,0.36666666666666664,0.36666666666666664,0.36666666666666664,0.36666666666666664,0.36666666666666664,0.36666666666666664,0.36666666666666664,0.36666666666666664,0.36666666666666664,0.36666666666666664,0.36666666666666664,0.36666666666666664,0.36666666666666664,0.36666666666666664,0.36666666666666664,0.36666666666666664,0.36666666666666664,0.36666666666666664,0.36666666666666664,0.36666666666666664,0.36666666666666664,0.38333333333333336,0.38333333333333336,0.38333333333333336,0.38333333333333336,0.38333333333333336,0.38333333333333336,0.38333333333333336,0.38333333333333336,0.38333333333333336,0.38333333333333336,0.38333333333333336
0.9074022716015478,0.0,0.15,0.16666666666666666,0.25,0.3,0.3,0.31666666666666665,0.38333333333333336,0.38333333333333336,0.4166666666666667,0.4166666666666667,0.4166666666666667,0.43333333333333335,0.4666666666666667,0.5833333333333334,0.6,0.6666666666666666,0.7166666666666667,0.8166666666666667,0.8166666666666667,0.85,0.8666666666666667,0.8666666666666667,0.8833333333333333,0.8833333333333333,0.8833333333333333,0.8833333333333333,0.8833333333333333,0.9,0.9,0.9,0.9,0.9,0.9,0.9,0.9,0.9,0.9,0.9,0.9,0.9,0.9,0.9,0.9,0.9,0.9,0.9,0.9166666666666666,0.9166666666666666,0.9166666666666666,0.9166666666666666,0.9166666666666666,0.9166666666666666,0.9166666666666666,0.9166666666666666,0.9166666666666666,0.9166666666666666,0.9166666666666666,0.9166666666666666,0.9166666666666666
0.7563168718820672,0.0,0.1,0.1,0.18333333333333332,0.18333333333333332,0.18333333333333332,0.18333333333333332,0.2,0.2,0.23333333333333334,0.25,0.31666666666666665,0.3333333333333333,0.3333333333333333,0.3333333333333333,0.3333333333333333,0.38333333333333336,0.38333333333333336,0.4166666666666667,0.4166666666666667,0.4166666666666667,0.4166666666666667,0.43333333333333335,0.43333333333333335,0.43333333333333335,0.43333333333333335,0.43333333333333335,0.43333333333333335,0.43333333333333335,0.43333333333333335,0.43333333333333335,0.43333333333333335,0.43333333333333335,0.43333333333333335,0.43333333333333335,0.43333333333333335,0.43333333333333335,0.43333333333333335,0.43333333333333335,0.43333333333333335,0.43333333333333335,0.43333333333333335,0.43333333333333335,0.43333333333333335,0.43333333333333335,0.43333333333333335,0.45,0.45,0.45,0.45,0.45,0.45,0.45,0.45,0.45,0.45,0.45,0.45,0.45,0.45
0.2945161297893215,0.0,0.1,0.1,0.1,0.1,0.1,0.1,0.1,0.1,0.1,0.1,0.1,0.1,0.1,0.1,0.1,0.1,0.1,0.1,0.1,0.1,0.1,0.1,0.1,0.1,0.1,0.1,0.1,0.1,0.1,0.1,0.1,0.1,0.1,0.1,0.1,0.1,0.1,0.1,0.1,0.1,0.1,0.1,0.1,0.1,0.1,0.1,0.1,0.1,0.1,0.1,0.1,0.1,0.1,0.1,0.1,0.1,0.1,0.1,0.1
0.8491784472136934,0.0,0.08333333333333333,0.08333333333333333,0.08333333333333333,0.08333333333333333,0.08333333333333333,0.1,0.1,0.1,0.11666666666666667,0.11666666666666667,0.11666666666666667,0.11666666666666667,0.11666666666666667,0.11666666666666667,0.11666666666666667,0.11666666666666667,0.11666666666666667,0.11666666666666667,0.11666666666666667,0.11666666666666667,0.11666666666666667,0.11666666666666667,0.11666666666666667,0.11666666666666667,0.11666666666666667,0.13333333333333333,0.15,0.15,0.15,0.15,0.15,0.15,0.15,0.15,0.15,0.15,0.15,0.15,0.15,0.15,0.15,0.15,0.15,0.15,0.15,0.15,0.15,0.15,0.15,0.15,0.15,0.15,0.15,0.15,0.15,0.15,0.15,0.15,0.15
0.3123032891584676,0.0,0.06666666666666667,0.06666666666666667,0.06666666666666667,0.08333333333333333,0.15,0.16666666666666666,0.2,0.25,0.25,0.25,0.25,0.25,0.2833333333333333,0.2833333333333333,0.2833333333333333,0.2833333333333333,0.2833333333333333,0.2833333333333333,0.2833333333333333,0.2833333333333333,0.3,0.3,0.3,0.3,0.3,0.3,0.3,0.3,0.3,0.31666666666666665,0.35,0.35,0.36666666666666664,0.36666666666666664,0.36666666666666664,0.36666666666666664,0.36666666666666664,0.36666666666666664,0.36666666666666664,0.36666666666666664,0.36666666666666664,0.36666666666666664,0.36666666666666664,0.36666666666666664,0.36666666666666664,0.36666666666666664,0.36666666666666664,0.36666666666666664,0.36666666666666664,0.36666666666666664,0.36666666666666664,0.36666666666666664,0.36666666666666664,0.36666666666666664,0.36666666666666664,0.36666666666666664,0.38333333333333336,0.38333333333333336,0.4
0.14758251979449777,0.0,0.06666666666666667,0.06666666666666667,0.06666666666666667,0.11666666666666667,0.26666666666666666,0.3333333333333333,0.35,0.38333333333333336,0.38333333333333336,0.38333333333333336,0.38333333333333336,0.4,0.4166666666666667,0.43333333333333335,0.45,0.45,0.45,0.4666666666666667,0.4666666666666667,0.48333333333333334,0.48333333333333334,0.48333333333333334,0.48333333333333334,0.5,0.5,0.5166666666666667,0.5166666666666667,0.5166666666666667,0.5166666666666667,0.5166666666666667,0.5166666666666667,0.5166666666666667,0.5166666666666667,0.5166666666666667,0.5166666666666667,0.5166666666666667,0.5166666666666667,0.5166666666666667,0.5166666666666667,0.5166666666666667,0.5166666666666667,0.5166666666666667,0.5166666666666667,0.5166666666666667,0.5166666666666667,0.5166666666666667,0.5166666666666667,0.5166666666666667,0.5166666666666667,0.5166666666666667,0.5166666666666667,0.5166666666666667,0.5166666666666667,0.5166666666666667,0.5166666666666667,0.5166666666666667,0.5166666666666667,0.5166666666666667,0.5166666666666667
0.4548749155154087,0.0,0.08333333333333333,0.08333333333333333,0.08333333333333333,0.08333333333333333,0.11666666666666667,0.15,0.15,0.15,0.16666666666666666,0.16666666666666666,0.16666666666666666,0.16666666666666666,0.16666666666666666,0.18333333333333332,0.21666666666666667,0.21666666666666667,0.21666666666666667,0.21666666666666667,0.21666666666666667,0.21666666666666667,0.21666666666666667,0.23333333333333334,0.25,0.25,0.25,0.25,0.25,0.25,0.26666666666666666,0.26666666666666666,0.2833333333333333,0.2833333333333333,0.2833333333333333,0.2833333333333333,0.2833333333333333,0.2833333333333333,0.2833333333333333,0.2833333333333333,0.2833333333333333,0.2833333333333333,0.2833333333333333,0.2833333333333333,0.2833333333333333,0.2833333333333333,0.2833333333333333,0.2833333333333333,0.2833333333333333,0.2833333333333333,0.2833333333333333,0.2833333333333333,0.2833333333333333,0.2833333333333333,0.2833333333333333,0.2833333333333333,0.2833333333333333,0.2833333333333333,0.2833333333333333,0.2833333333333333,0.2833333333333333
0.5585280421118793,0.0,0.03333333333333333,0.05,0.08333333333333333,0.13333333333333333,0.18333333333333332,0.18333333333333332,0.2,0.2833333333333333,0.2833333333333333,0.2833333333333333,0.3,0.31666666666666665,0.31666666666666665,0.31666666666666665,0.31666666666666665,0.3333333333333333,0.3333333333333333,0.3333333333333333,0.3333333333333333,0.3333333333333333,0.3333333333333333,0.3333333333333333,0.3333333333333333,0.3333333333333333,0.3333333333333333,0.3333333333333333,0.3333333333333333,0.3333333333333333,0.3333333333333333,0.3333333333333333,0.3333333333333333,0.3333333333333333,0.3333333333333333,0.3333333333333333,0.3333333333333333,0.3333333333333333,0.3333333333333333,0.3333333333333333,0.3333333333333333,0.3333333333333333,0.3333333333333333,0.3333333333333333,0.3333333333333333,0.3333333333333333,0.3333333333333333,0.3333333333333333,0.3333333333333333,0.3333333333333333,0.3333333333333333,0.35,0.35,0.35,0.35,0.35,0.35,0.35,0.35,0.35,0.35
0.6878218922968877,0.0,0.06666666666666667,0.15,0.23333333333333334,0.2833333333333333,0.31666666666666665,0.31666666666666665,0.3333333333333333,0.3333333333333333,0.3333333333333333,0.3333333333333333,0.3333333333333333,0.36666666666666664,0.36666666666666664,0.36666666666666664,0.36666666666666664,0.36666666666666664,0.36666666666666664,0.36666666666666664,0.36666666666666664,0.36666666666666664,0.36666666666666664,0.36666666666666664,0.36666666666666664,0.36666666666666664,0.36666666666666664,0.36666666666666664,0.36666666666666664,0.36666666666666664,0.36666666666666664,0.36666666666666664,0.36666666666666664,0.36666666666666664,0.36666666666666664,0.36666666666666664,0.36666666666666664,0.36666666666666664,0.36666666666666664,0.36666666666666664,0.36666666666666664,0.36666666666666664,0.36666666666666664,0.36666666666666664,0.36666666666666664,0.36666666666666664,0.36666666666666664,0.36666666666666664,0.36666666666666664,0.36666666666666664,0.36666666666666664,0.36666666666666664,0.36666666666666664,0.36666666666666664,0.36666666666666664,0.36666666666666664,0.36666666666666664,0.36666666666666664,0.36666666666666664,0.36666666666666664,0.36666666666666664
0.15707742502584066,0.0,0.15,0.23333333333333334,0.2833333333333333,0.2833333333333333,0.38333333333333336,0.4,0.43333333333333335,0.4666666666666667,0.5166666666666667,0.5333333333333333,0.55,0.55,0.55,0.5666666666666667,0.5666666666666667,0.5833333333333334,0.5833333333333334,0.5833333333333334,0.65,0.65,0.6666666666666666,0.6666666666666666,0.6666666666666666,0.6666666666666666,0.6833333333333333,0.6833333333333333,0.6833333333333333,0.6833333333333333,0.6833333333333333,0.7,0.7,0.7,0.7,0.7,0.7,0.7,0.7,0.7,0.7,0.7333333333333333,0.7333333333333333,0.7333333333333333,0.7333333333333333,0.7333333333333333,0.7333333333333333,0.7333333333333333,0.75,0.7666666666666667,0.7833333333333333,0.7833333333333333,0.7833333333333333,0.7833333333333333,0.7833333333333333,0.7833333333333333,0.7833333333333333,0.7833333333333333,0.7833333333333333,0.7833333333333333,0.7833333333333333
0.42574399942194086,0.0,0.16666666666666666,0.2,0.3,0.38333333333333336,0.4166666666666667,0.43333333333333335,0.4666666666666667,0.4666666666666667,0.48333333333333334,0.5,0.5,0.5,0.55,0.55,0.55,0.6,0.6833333333333333,0.7,0.7166666666666667,0.7166666666666667,0.7166666666666667,0.7166666666666667,0.7166666666666667,0.7166666666666667,0.7166666666666667,0.7166666666666667,0.7166666666666667,0.7166666666666667,0.7333333333333333,0.7333333333333333,0.75,0.75,0.7666666666666667,0.7666666666666667,0.7666666666666667,0.7833333333333333,0.7833333333333333,0.7833333333333333,0.7833333333333333,0.7833333333333333,0.7833333333333333,0.7833333333333333,0.8666666666666667,0.8666666666666667,0.8666666666666667,0.8666666666666667,0.8833333333333333,0.8833333333333333,0.8833333333333333,0.8833333333333333,0.8833333333333333,0.8833333333333333,0.8833333333333333,0.8833333333333333,0.9,0.9,0.9,0.9,0.9
0.5297951563569675,0.0,0.08333333333333333,0.08333333333333333,0.16666666666666666,0.16666666666666666,0.21666666666666667,0.26666666666666666,0.31666666666666665,0.35,0.35,0.48333333333333334,0.5333333333333333,0.5333333333333333,0.55,0.55,0.6,0.6,0.6166666666666667,0.6833333333333333,0.7333333333333333,0.7666666666666667,0.8,0.85,0.85,0.85,0.8833333333333333,0.8833333333333333,0.9,0.9,0.9,0.9,0.9,0.9,0.9,0.9,0.9,0.9,0.9,0.9,0.9,0.9,0.9,0.9,0.9,0.9,0.9,0.9,0.9,0.9,0.9,0.9,0.9,0.9,0.9,0.9,0.9,0.9,0.9,0.9,0.9
0.6652815493457177,0.0,0.05,0.1,0.3333333333333333,0.36666666666666664,0.38333333333333336,0.38333333333333336,0.38333333333333336,0.38333333333333336,0.38333333333333336,0.38333333333333336,0.38333333333333336,0.38333333333333336,0.38333333333333336,0.38333333333333336,0.4,0.4,0.4,0.4,0.4,0.4,0.4,0.4,0.4,0.4,0.4,0.4,0.4,0.4,0.4,0.4,0.4,0.4,0.4,0.4,0.4,0.4,0.4166666666666667,0.4166666666666667,0.4166666666666667,0.43333333333333335,0.43333333333333335,0.43333333333333335,0.43333333333333335,0.43333333333333335,0.43333333333333335,0.43333333333333335,0.45,0.45,0.45,0.4666666666666667,0.4666666666666667,0.4666666666666667,0.4666666666666667,0.48333333333333334,0.48333333333333334,0.48333333333333334,0.48333333333333334,0.48333333333333334,0.48333333333333334
0.191232617654166,0.0,0.016666666666666666,0.016666666666666666,0.05,0.06666666666666667,0.11666666666666667,0.13333333333333333,0.13333333333333333,0.13333333333333333,0.13333333333333333,0.15,0.15,0.15,0.15,0.15,0.15,0.15,0.15,0.15,0.15,0.15,0.15,0.15,0.15,0.15,0.15,0.15,0.15,0.15,0.15,0.15,0.15,0.15,0.15,0.15,0.15,0.15,0.15,0.15,0.15,0.18333333333333332,0.2,0.2,0.2,0.2,0.21666666666666667,0.21666666666666667,0.21666666666666667,0.21666666666666667,0.21666666666666667,0.21666666666666667,0.21666666666666667,0.21666666666666667,0.21666666666666667,0.21666666666666667,0.21666666666666667,0.21666666666666667,0.21666666666666667,0.21666666666666667,0.23333333333333334
0.8387867458337829,0.0,0.05,0.05,0.05,0.05,0.08333333333333333,0.1,0.1,0.15,0.18333333333333332,0.21666666666666667,0.21666666666666667,0.21666666666666667,0.21666666666666667,0.21666666666666667,0.21666666666666667,0.21666666666666667,0.21666666666666667,0.21666666666666667,0.21666666666666667,0.21666666666666667,0.21666666666666667,0.21666666666666667,0.21666666666666667,0.21666666666666667,0.21666666666666667,0.21666666666666667,0.21666666666666667,0.21666666666666667,0.21666666666666667,0.21666666666666667,0.21666666666666667,0.21666666666666667,0.21666666666666667,0.21666666666666667,0.21666666666666667,0.21666666666666667,0.21666666666666667,0.21666666666666667,0.21666666666666667,0.21666666666666667,0.21666666666666667,0.21666666666666667,0.21666666666666667,0.21666666666666667,0.21666666666666667,0.21666666666666667,0.21666666666666667,0.21666666666666667,0.21666666666666667,0.21666666666666667,0.21666666666666667,0.21666666666666667,0.21666666666666667,0.21666666666666667,0.21666666666666667,0.21666666666666667,0.21666666666666667,0.21666666666666667,0.21666666666666667
0.02465244368907482,0.0,0.05,0.05,0.06666666666666667,0.06666666666666667,0.06666666666666667,0.06666666666666667,0.08333333333333333,0.08333333333333333,0.08333333333333333,0.08333333333333333,0.1,0.1,0.1,0.1,0.1,0.1,0.1,0.1,0.11666666666666667,0.11666666666666667,0.11666666666666667,0.11666666666666667,0.11666666666666667,0.11666666666666667,0.11666666666666667,0.11666666666666667,0.11666666666666667,0.11666666666666667,0.11666666666666667,0.11666666666666667,0.11666666666666667,0.11666666666666667,0.11666666666666667,0.11666666666666667,0.11666666666666667,0.11666666666666667,0.11666666666666667,0.11666666666666667,0.11666666666666667,0.11666666666666667,0.11666666666666667,0.11666666666666667,0.11666666666666667,0.11666666666666667,0.11666666666666667,0.11666666666666667,0.11666666666666667,0.11666666666666667,0.11666666666666667,0.11666666666666667,0.11666666666666667,0.11666666666666667,0.11666666666666667,0.11666666666666667,0.11666666666666667,0.11666666666666667,0.11666666666666667,0.11666666666666667,0.11666666666666667
