idArgument,nameStakeHolder,nameAlternative,typeProCon,nameCriterion,aim,nameProperty,value,infValue,supValue,unit,assertion,explanation,isProspective,date,nameSource,nameTypeSource
10,Irrigant,Smart water meters,-,Confiance,Confiance,Doute,Augmentation,,,,Profits will not be benefict for farmers,Farmers fear that their efforts to improve management will not reward them. They want more transparency,0,08/02/2018,pleinchamp.com,Media en ligne
1,Irrigant ,Smart water meters,-,Financier,Facturation,Montant,Augmentation,,,,Risque est l’augmentation de la facture d’eau liee à la precision du compteur,les agriculteurs se basent sur leur experience avec les compteurs à tele-relève en electricite. D’après eux; leurs factures d’electricite ont augmente après l’installation du compteur electrique à tele-relève,0,08/02/2018,G-Eau; Montpelier,Rapport scientifique
17,Irrigant,Smart water meters,-,Productivite,Utilisation,Gain,Faible,,,,Les abonnes sont satisfaits du compteur mecanique et ce qu'il permet de faire,Cette outil est sufisant pour gerer la consomation d'eau,0,08/02/2018,G-Eau; Montpelier,Rapport scientifique
24,Irrigant,Smart water meters,-,Productivite,Utilisation,Difficulte,Elevee,,,,Certains exploitants ne sont pas à l'aise avec l'interface Web,Certains exploitants ages ne sont pas familier avec les outils numeriques,0,08/02/2018,G-Eau; Montpelier,Rapport scientifique
3,Irrigant,Smart water meters,-,Productivite,Gestion de l'eau,Valeur ajoutee,Faible,,,,Les agriculteurs ne trouvent pas de reelle plus value au compteur,Les fonctionnalites du compteur ne repondent pas à des besoins des agriculteurs,1,11/06/2020,G-Eau; Montpelier,Rapport scientifique
5,Irrigant,Smart water meters,-,Productivite,Gestion de l'eau,Efficacite,Inchange,,,,La gestion actuelle du Louts est suffisante,Il n'y a jamais eu de penurie d'eau,0,08/02/2018,G-Eau; Montpelier,Rapport scientifique
6,Irrigant,Smart water meters,-,Productivite,Gestion de l'eau,Apport,Faible,,,,Les fermiers arrivent à gerer de manière convenable leurs consommations,Ils utilisent les valeurs du compteur traditionnel ainsi que ceux de leurs equipements,0,08/02/2018,G-Eau; Montpelier,Rapport scientifique
18,Irrigant ASA,Smart water meters,-,Social,Gestion du compteur,Nombre d'emplois,Diminution,,,,Licenciement du fontainier de l'ASA,Certaines ASA emploies un fontainier pour faire les releves et gerer les quotas individuels,0,08/02/2019,G-Eau; Montpelier,Rapport scientifique
34,Irrigant,Smart water meters,-,Social,Vision de la profession,Confiance,Diminue,,,,Les agriculteurs estiment que le but du compteur est de contrôler et de sanctionner leurs pratiques,Forte defiance vis-à-vis sur gestionnaire de l'eau,0 ,08/02/2018,G-Eau; Montpelier,Rapport scientifique
35,Irrigant,Smart water meters,-,Social,Relation Irrigant - Gestionnaire de l'eau,Dialogue,Diminue,,,,Les Irrigants auront beaucoup moins de contact physique (dialogue) avec la socite de gestion de l'eau,Les employes du gestionnaire qui s'occupent des releves ne seront plus utiles avec le tele-releve,0,08/02/2018,G-Eau; Montpelier,Rapport scientifique
7,Irrigant,Smart water meters,-,Social,Relation Irrigant - Gestionnaire de l'eau,Confiance,Diminue,,,,Perte de confiance entre l'agriculteur et le gestionnaire de l'eau,Les agriculteurs declarent de façon autonome la première et la dernière mesure avec un faible contrôle dugestionnaire (quelques visites par campagne d’irrigation),0,08/02/2018,pleinchamp.com,Media en ligne
28,Irrigant,Smart water meters,- ,Confiance,Protection des donnees,Inquietude,Augmente,,,,Les consommateurs ont peur que ces informations soient utilises à mauvais escient,Des mesures doivent être prises pour rassurer le consomateur sur la definition et le respect des règles d'utilisation et de stockage de leurs donnees,0,08/02/2018,G-Eau; Montpelier,Media en ligne
27,Irrigant,Smart water meters,- ,Financier,Gestion du compteur,Coût,Augmentation,,,,Les compteurs à tele-releve sont plus chers que les mecaniques ; 500-1000€ contre 250-500€,Des lois obligents les Irrigantts à faire remplacer leur compteur tous les 9ans,0,08/02/2018,G-Eau; Montpelier,Rapport scientifique
29,Irrigant ASA,Smart water meters,- ,Social,Relation humaines,Tensions,Augmente,,,,Le comptage journalier et sa teletransmission sont vus comme source de tensions nouvelles,Accroissement inutile du coût du comptage; risque de defaillance d’un système de mesure « electronique »perçu comme moins robuste que le « mecanique »; abandon du principe de confiance mutuelle sur lequel repose l’auto declaration et instauration d’une ambiance de surveillance permanente entre les Irrigantts,0,08/02/2019,G-Eau; Montpelier,Rapport scientifique
11,Gestionnaire de l'eau,Smart water meters,+,Ecologie,Economie d'eau,Quantite,Augmente,5,5,%,Moins d'eau est gache,Mesurer en temps reel permet une meilleure adaptation de la consommation d'eau,0,08/02/2018,pleinchamp.com,Media en ligne
26,Gestionnaire de l'eau,Smart water meters,+,Ecologie,Gestion de l'eau,Precision,Augmentation,5,15,%,L'utilisation de l'eau est connue en temps reel,L'acquisition est automatique contrairement aux compteurs classiques où un agent devait se deplacer pour la lire les compteurs,0,08/02/2018,G-Eau; Montpelier,Rapport scientifique
4,Gestionnaire de l'eau,Smart water meters,+,Ecologie,Economie d'eau,Quantite,Augmente,,,,Les Irrigants peuvent detecter et changer les equipements defectueux pour limiter les pertes d'eau,Pour avoir la quantite precise d'eau et la comparer avec le releve du compteur mecanique les Irrigant doivent utiliser les donnees de leurs equipements d'irrigation,0,08/02/2018,G-Eau; Montpelier,Rapport scientifique
14,Irrigant,Smart water meters,+,Financier,Facturation,Flexibilite,Augmente,,,,Creation d'une bourse d'echange,"Permettre aux agriculteurs qui consomment moins que leur quota de ""vendre"" la partie non consommee durant une saison; tout en conservant leur droit d’eau actuel. Les agriculteurs ayant des besoins superieurs au quota pourraient ainsi ""acheter"" de l’eau une annee donnee.",0,08/02/2018,G-Eau; Montpelier,Rapport scientifique
19,Gestionnaire de l'eau,Smart water meters,+,Financier,Gestion du compteur,Coût,Diminue,,,,Possiblite de louer le compteur pour 60€ / an,Le coût des revisions et de remplacement du compteur est integre dans le prix de la location,0,08/02/2018,G-Eau; Montpelier,Rapport scientifique
2,Irrigant,Smart water meters,+,Financier,Facturation,Flexibilite,Augmente,,,,Tarification optionnelle : 1500m3 au tarif actuel; 1200m3 -20% tarif actuel; 1800m3 +20% tarif actuel,Une offre pour chaque type de sol et consommation,0,08/02/2018,G-Eau; Montpelier,Rapport scientifique
30,Fabricant,Smart water meters,+,Financier,Economie enegie,Cout,Faible,,,,Les compteurs communicants consomment peu d'energie,Ils sont equipes d'une batterie d'une duree de vie de 12ans,1,11/06/2020,http://mycalypso.fr,Publicite
31,Fabricant,Smart water meters,+,Financier,Gestion de l'eau,Precision,Augmentation,,,,L'utilisation de l'eau est connue en temps reel,L'acquisition est automatique contrairement aux compteurs classiques où un agent devait se deplacer pour la lire les compteurs,0,11/06/2020,G-Eau; Montpelier,Rapport scientifique
32,Gestionnaire de l'eau,Smart water meters,+,Financier,Facturation,Precision,Augmentation,,,,Les abonnes ne seront factures qu'à la date du lache du barrage,"""Cette injustice perçue est justifiee aujourd’hui par les contraintes de gestion de la CACG. Sans tele- relève; il est plus facile d’organiser un releve de compteur initial à un t0 fixe. Avec un releve automatise et teletransmis; cette contrainte peut disparaitre""",0,08/02/2018,G-Eau; Montpelier,Rapport scientifique
33,Irrigant,Smart water meters,+,Financier,Facturation,Flexibilite,Augmente,,,,La souscription au volume sans la notion de surface ,Permet d’attribuer des nouveaux quotas volumes plus adaptes aux besoins de chaque agriculteur; repartition plus equitable de l'eau,0,08/02/2018,G-Eau; Montpelier,Rapport scientifique
12,Irrigant,Smart water meters,+,Productivite,Gestion de l'eau,Efficacite,Augmente,,,,La gestion du depassement peut être complexe avec les compteurs actuels,"""Pour les depassements; il faut bien gerer. Parce qu’il n’est pas normal que quelqu’un qui commence à irriguer tard n’ait plus d’eau par ce que l’autre a depasse""",0,08/02/2018,G-Eau; Montpelier,Rapport scientifique
13,Fabricant,Smart water meters,+,Productivite,Maintenance du materiel,Detection pannes,Augmente,,,,Les Irrigants peuvent savoir plus simplement si des equipements fuient,SMW peut servir aussi aux agriculteurs pour detecter les fuites sur leur reseau; leurs surconsommations dues à l’usure des buses des appareils d’irrigation; suivre leur consommation en cours de saison et creer des alertes,0,08/02/2018,G-Eau; Montpelier,Rapport scientifique
16,Irrigant,Smart water meters,+,Productivite,Utilisation,Satisfaction,Elevee,,,,Les informations reçues par SMS en cours de campagne sur l’etat de consommation du quota et le taux de remplissage du barrage sont très appreciees,Les Irrigants n'ont pas besoin de calculer ce qu'il leur reste de leur quota,0,08/02/2018,G-Eau; Montpelier,Rapport scientifique
20,Irrigant,Smart water meters,+,Productivite,Utilisation,Difficulte,Faible,,,,Les exploitants comprennent comment relever l'eau sur le compteur,Les Irrigantts sont deja habitue à relever eux-même les informations sur les compteurs mecaniques,0,08/02/2018,G-Eau; Montpelier,Rapport scientifique
21,Fabricant,Smart water meters,+,Productivite,Fiabilite,Duree de vie,Augmenter,,,,Les compteurs à ultrason sont plus robustes que les compteurs traditionnels,Contrairement au compteur mecanique; le compteur à ultrasons ne contient pas de pièces mobiles en contact avec l’eau; ce qui garantit d’excellentes performances metrologiques et une fiabilite de ses mesures dans la duree.,0,11/06/2020,http://mycalypso.fr,Publicite
22,Journalist,Smart water meters,+,Productivite,Rendement,Quantite,Augmentation,,,,La production par Ha. augment,Une meilleure repartition de l'eau entre les agriculteurs en amont et en aval,0,08/02/2018,pleinchamp.com,Media en ligne
25,Irrigant,Smart water meters,+,Productivite,Utilisation,Satisfaction,Moyenne,,,,Le rappel systematique de la necessaire economie de l’eau par SMS est peu apprecie,Les Irrigantts savent qu'il faut economiser l'eau et que c'est une ressource vitale,0,08/02/2018,G-Eau; Montpelier,Rapport scientifique
9,Fabricant,Smart water meters,+,Productivite,Fiabilite,Precision du releve,Haute,,,,La mesure est precise même à bas debit +/- 2%,Calypso fait appel à la technologie à ultrasons pour mesurer avec un très haut degre de precision (+/- 2 %) les debits et volumes d’eau consommes par les exploitants agricoles. Ultra-sensible; il compte même les faibles debits : il est capable de detecter de très petites fuites !,0,11/06/2020,http://mycalypso.fr,Publicite
15,Fabricant,Smart water meters,+,Social,Respect des règles de partage,Controle,Facilite,,,,SMW peut aider à respecter les règles de partage en cours de saison,Là où il y a une perte de confiance entre les adherents et tension sur le partage de debit; le système est vu comme pouvant aider à respecter les règles de partage en cours de saison),0,11/06/2020,http://mycalypso.fr,Publicite
23,Irrigant ASA,Smart water meters,+,Social,Respect des règles de partage,Controle,Facilite,,,,SMW peut aider à respecter les règles de partage en cours de saison,Là où il y a une perte de confiance entre les adherents et tension sur le partage de debit; le système est vu comme pouvant aider à respecter les règles de partage en cours de saison),0,08/02/2018,pleinchamp.com,Media en ligne
8,Irrigant,Smart water meters,+,Social,Innegalites,Innegalites,Diminue,,,,Les quotas pourront être re-negocie en fonction du reel besoin en eau,Les Irrigants de l'aval et de l'amont ont des quotas similaires mais leurs consommations sont très differentes. La renegociation des quotas pour les exploitants ne sera possible que si tout les exploitans sont equipes. ,0,08/02/2018,G-Eau; Montpelier,Rapport scientifique